CustomerID,Account_Age_Months,Monthly_Charges,Support_Tickets,Tech_Support,Device_Protection,Paperless_Billing,Churn
CUST_2000,52,105.57,2,0,0,0,1
CUST_2001,15,103.02,3,0,0,1,1
CUST_2002,61,59.72,2,1,1,1,0
CUST_2003,21,86.81,0,0,0,1,1
CUST_2004,24,40.5,1,1,1,1,0
CUST_2005,3,49.31,1,1,0,0,0
CUST_2006,22,109.63,2,0,0,1,1
CUST_2007,53,21.3,0,0,0,1,0
CUST_2008,2,28.55,3,0,0,1,1
CUST_2009,30,40.79,3,0,1,1,1
CUST_2010,38,22.65,1,0,0,1,0
CUST_2011,2,38.14,1,0,1,1,0
CUST_2012,64,78.3,1,0,1,0,0
CUST_2013,60,62.14,1,0,0,1,0
CUST_2014,21,109.27,2,1,0,0,1
CUST_2015,33,101.74,0,1,1,1,1
CUST_2016,58,54.18,2,1,1,1,0
CUST_2017,22,45.94,3,0,0,1,0
CUST_2018,49,57.97,2,0,0,1,1
CUST_2019,59,79.03,0,0,0,1,0
CUST_2020,42,46.81,2,0,0,0,1
CUST_2021,60,82.41,2,0,0,1,1
CUST_2022,15,60.94,0,1,1,1,0
CUST_2023,62,75.2,1,1,0,1,1
CUST_2024,62,63.61,0,0,0,0,0
CUST_2025,47,49.45,0,0,0,1,0
CUST_2026,62,114.85,5,0,0,1,1
CUST_2027,51,96.36,2,0,0,1,1
CUST_2028,55,34.01,2,0,0,1,0
CUST_2029,64,106.85,2,0,0,1,1
CUST_2030,3,68.74,1,0,0,1,1
CUST_2031,51,109.46,0,1,0,1,0
CUST_2032,7,99.99,0,0,1,0,1
CUST_2033,21,62.52,2,1,0,0,1
CUST_2034,39,22.25,2,0,0,1,0
CUST_2035,18,46.87,3,0,0,0,1
CUST_2036,4,74.16,2,0,1,1,1
CUST_2037,60,83.35,0,0,0,1,0
CUST_2038,14,45.79,0,0,0,0,1
CUST_2039,9,33.94,2,1,1,1,0
CUST_2040,53,103.49,2,1,0,1,1
CUST_2041,2,118.44,1,0,0,1,1
CUST_2042,60,72.57,3,0,0,1,1
CUST_2043,71,37.17,0,1,0,1,0
CUST_2044,44,47.23,1,0,0,1,0
CUST_2045,8,21.84,2,0,1,1,1
CUST_2046,47,111.43,1,0,0,1,1
CUST_2047,35,31.78,2,1,1,0,0
CUST_2048,36,77.65,1,1,0,0,1
CUST_2049,50,47.41,0,0,1,1,0
CUST_2050,4,75.42,1,1,0,0,1
CUST_2051,2,85.14,1,1,0,0,1
CUST_2052,6,102.97,2,0,0,1,1
CUST_2053,54,40.64,4,0,1,0,0
CUST_2054,4,21.1,1,0,0,1,0
CUST_2055,54,33.69,2,1,0,1,0
CUST_2056,63,110.0,1,0,0,1,1
CUST_2057,18,107.39,3,1,0,1,1
CUST_2058,44,79.74,1,0,0,0,1
CUST_2059,34,80.05,0,1,0,1,0
CUST_2060,62,86.5,1,0,0,1,1
CUST_2061,14,37.54,3,0,0,1,1
CUST_2062,48,111.44,2,1,0,1,1
CUST_2063,15,61.88,2,1,0,1,1
CUST_2064,62,58.31,1,1,1,1,0
CUST_2065,40,71.89,0,0,0,0,1
CUST_2066,53,24.7,4,1,0,1,0
CUST_2067,24,36.63,2,0,0,1,1
CUST_2068,26,93.8,2,0,1,0,1
CUST_2069,60,28.28,0,0,1,1,0
CUST_2070,41,80.32,1,0,1,0,1
CUST_2071,29,44.53,1,0,0,1,0
CUST_2072,15,58.93,2,1,0,1,0
CUST_2073,45,48.87,0,0,0,0,0
CUST_2074,65,55.57,3,1,0,1,0
CUST_2075,71,91.9,3,0,0,0,1
CUST_2076,9,49.71,0,0,1,1,1
CUST_2077,1,76.64,3,0,1,0,1
CUST_2078,8,67.61,0,1,1,1,0
CUST_2079,63,86.37,2,1,0,1,1
CUST_2080,11,113.68,2,1,0,1,1
CUST_2081,8,93.26,1,1,0,1,1
CUST_2082,35,41.49,4,0,0,1,0
CUST_2083,35,23.12,2,0,1,1,0
CUST_2084,33,46.23,2,1,0,1,0
CUST_2085,5,79.51,2,0,0,1,1
CUST_2086,41,25.14,1,0,0,1,0
CUST_2087,28,69.64,0,0,0,0,1
CUST_2088,7,79.68,0,0,1,1,0
CUST_2089,12,53.42,2,0,0,0,1
CUST_2090,34,97.09,2,0,1,1,1
CUST_2091,33,30.66,4,0,0,1,1
CUST_2092,48,27.51,3,0,0,1,0
CUST_2093,23,92.82,2,0,1,0,1
CUST_2094,62,69.55,0,0,0,0,0
CUST_2095,37,88.84,2,1,1,1,1
CUST_2096,44,63.48,1,0,0,1,1
CUST_2097,35,44.64,1,0,0,1,1
CUST_2098,65,101.91,4,1,0,1,1
CUST_2099,47,99.94,2,0,1,1,1
CUST_2100,3,89.47,1,0,0,1,1
CUST_2101,1,47.21,2,1,1,0,1
CUST_2102,5,79.02,2,0,0,1,1
CUST_2103,14,56.1,1,1,0,0,1
CUST_2104,27,29.16,1,1,0,1,0
CUST_2105,9,111.73,3,1,0,0,1
CUST_2106,15,33.68,4,0,0,1,1
CUST_2107,42,115.02,1,0,1,0,1
CUST_2108,51,64.6,1,0,0,0,0
CUST_2109,63,38.51,0,0,0,1,0
CUST_2110,52,74.19,1,0,0,0,1
CUST_2111,4,107.29,2,0,0,0,1
CUST_2112,23,93.22,2,0,0,1,1
CUST_2113,15,100.66,0,0,0,0,1
CUST_2114,43,85.88,0,0,0,0,1
CUST_2115,29,89.23,1,0,0,1,0
CUST_2116,36,104.92,5,1,0,1,1
CUST_2117,13,44.97,3,0,0,1,1
CUST_2118,32,68.94,1,0,0,1,1
CUST_2119,71,42.12,2,1,0,1,1
CUST_2120,59,118.77,1,0,0,0,1
CUST_2121,28,114.41,1,0,1,1,0
CUST_2122,66,23.94,2,0,1,1,0
CUST_2123,42,90.56,3,1,1,1,1
CUST_2124,45,112.52,1,0,0,1,1
CUST_2125,62,38.06,2,0,1,0,1
CUST_2126,57,76.79,2,0,1,1,1
CUST_2127,6,111.55,0,1,1,1,1
CUST_2128,28,23.39,2,0,0,1,1
CUST_2129,28,89.74,1,0,0,0,1
CUST_2130,44,49.73,1,1,1,0,0
CUST_2131,30,112.44,1,0,0,0,1
CUST_2132,62,117.11,1,1,0,1,1
CUST_2133,62,114.43,0,0,0,0,1
CUST_2134,1,67.42,5,1,0,0,1
CUST_2135,27,106.2,0,0,0,1,1
CUST_2136,62,104.45,1,1,0,0,0
CUST_2137,3,51.91,0,1,0,1,0
CUST_2138,70,102.89,4,0,0,1,1
CUST_2139,27,23.7,2,0,0,1,0
CUST_2140,9,79.63,0,0,0,1,1
CUST_2141,62,43.0,5,0,0,1,1
CUST_2142,37,32.06,1,0,0,1,0
CUST_2143,51,27.7,2,0,1,0,0
CUST_2144,44,89.63,3,0,0,0,1
CUST_2145,24,53.99,2,0,0,0,1
CUST_2146,59,92.48,1,0,0,1,0
CUST_2147,32,26.54,1,1,1,1,0
CUST_2148,52,51.53,4,0,0,1,1
CUST_2149,62,73.95,1,0,0,1,1
CUST_2150,58,99.07,1,0,0,0,1
CUST_2151,52,51.88,1,0,0,1,0
CUST_2152,12,82.59,0,0,1,1,1
CUST_2153,39,108.6,2,0,1,0,0
CUST_2154,2,81.59,1,0,0,1,1
CUST_2155,3,43.3,1,1,0,0,0
CUST_2156,56,22.44,0,0,0,1,0
CUST_2157,59,107.01,1,1,0,1,1
CUST_2158,2,22.13,0,1,0,0,0
CUST_2159,2,107.47,0,1,0,1,1
CUST_2160,54,72.89,0,1,0,1,1
CUST_2161,1,113.91,0,0,0,1,1
CUST_2162,19,99.88,2,0,1,1,1
CUST_2163,2,119.79,1,1,0,0,1
CUST_2164,53,55.07,2,0,1,1,1
CUST_2165,44,96.72,1,0,1,1,1
CUST_2166,32,60.19,1,1,0,1,0
CUST_2167,70,67.99,4,1,1,0,1
CUST_2168,32,82.75,1,1,0,1,1
CUST_2169,68,107.37,1,1,0,1,0
CUST_2170,55,118.41,3,1,0,0,1
CUST_2171,56,96.83,3,0,1,1,1
CUST_2172,17,61.78,1,1,0,0,1
CUST_2173,38,62.14,1,0,0,1,0
CUST_2174,24,93.76,2,0,1,0,1
CUST_2175,69,43.88,1,1,0,1,0
CUST_2176,70,31.05,1,0,0,1,0
CUST_2177,11,55.46,2,0,1,1,1
CUST_2178,16,48.72,0,0,1,1,1
CUST_2179,59,49.63,3,1,1,1,0
CUST_2180,70,43.36,1,0,1,1,0
CUST_2181,3,24.21,0,1,0,0,0
CUST_2182,20,21.79,5,0,1,0,1
CUST_2183,59,118.77,1,1,0,1,1
CUST_2184,36,62.78,1,1,0,0,0
CUST_2185,19,58.43,0,0,0,1,1
CUST_2186,67,87.96,1,0,0,1,1
CUST_2187,19,41.83,2,0,1,0,0
CUST_2188,20,115.0,0,1,1,1,0
CUST_2189,71,98.63,1,1,0,1,1
CUST_2190,52,28.94,4,1,0,1,1
CUST_2191,33,61.76,1,0,0,1,1
CUST_2192,40,107.91,2,1,1,1,1
CUST_2193,39,114.47,4,1,1,0,1
CUST_2194,1,66.74,1,1,0,1,1
CUST_2195,11,81.34,1,1,0,1,1
CUST_2196,57,36.7,2,0,0,1,0
CUST_2197,50,119.12,0,0,0,0,1
CUST_2198,23,43.17,1,1,1,0,0
CUST_2199,31,114.27,2,1,0,1,1
CUST_2200,42,84.96,0,0,0,1,1
CUST_2201,7,80.77,2,0,0,1,1
CUST_2202,16,71.27,0,0,0,1,0
CUST_2203,60,43.07,1,0,1,1,1
CUST_2204,2,37.65,2,0,0,1,1
CUST_2205,1,42.05,0,1,0,0,1
CUST_2206,48,38.64,3,1,0,0,0
CUST_2207,12,97.96,1,0,0,0,1
CUST_2208,69,55.01,2,0,0,1,1
CUST_2209,37,25.78,0,0,1,1,0
CUST_2210,32,116.91,0,0,0,1,1
CUST_2211,9,108.38,1,1,0,1,1
CUST_2212,19,112.78,0,1,0,1,1
CUST_2213,48,119.49,2,0,0,1,1
CUST_2214,3,37.39,1,1,0,1,0
CUST_2215,20,59.62,3,1,0,0,1
CUST_2216,24,95.82,4,1,1,0,1
CUST_2217,54,89.6,1,0,1,1,1
CUST_2218,33,35.39,1,1,0,1,0
CUST_2219,24,101.58,3,0,0,1,1
CUST_2220,36,42.44,1,0,0,1,0
CUST_2221,38,42.38,1,0,0,1,0
CUST_2222,25,73.7,0,0,1,0,0
CUST_2223,18,79.29,1,0,0,0,1
CUST_2224,66,78.01,2,0,0,0,1
CUST_2225,54,29.15,1,0,1,1,0
CUST_2226,35,107.75,2,1,1,0,1
CUST_2227,61,46.56,3,1,0,1,1
CUST_2228,41,32.95,2,0,0,1,1
CUST_2229,33,108.87,1,1,0,1,1
CUST_2230,68,115.57,2,1,0,0,0
CUST_2231,33,106.21,5,1,1,1,1
CUST_2232,14,100.95,1,0,1,1,1
CUST_2233,21,85.52,1,1,1,1,0
CUST_2234,48,75.09,2,1,0,1,1
CUST_2235,20,28.7,2,1,1,0,0
CUST_2236,8,60.85,2,0,0,1,1
CUST_2237,7,57.27,1,0,0,1,1
CUST_2238,67,45.98,2,1,0,1,1
CUST_2239,17,92.34,4,0,0,1,1
CUST_2240,33,69.59,4,0,1,1,1
CUST_2241,48,28.1,0,0,0,0,0
CUST_2242,59,42.02,4,1,0,1,0
CUST_2243,22,88.33,2,1,0,1,0
CUST_2244,30,27.61,2,0,0,1,1
CUST_2245,38,105.12,3,1,0,1,1
CUST_2246,51,69.51,0,0,0,1,0
CUST_2247,54,68.06,1,1,1,1,0
CUST_2248,8,79.24,2,1,0,0,1
CUST_2249,27,102.47,1,1,0,1,1
CUST_2250,27,54.78,3,1,0,1,1
CUST_2251,21,87.8,0,0,1,1,1
CUST_2252,30,76.57,3,1,0,1,1
CUST_2253,28,46.7,5,0,0,1,1
CUST_2254,64,107.86,0,1,0,0,0
CUST_2255,69,99.74,1,1,0,1,1
CUST_2256,61,85.85,1,1,0,1,0
CUST_2257,48,105.06,0,0,1,1,1
CUST_2258,19,106.73,1,1,0,1,1
CUST_2259,4,90.84,2,0,0,1,1
CUST_2260,35,103.7,2,0,1,0,1
CUST_2261,64,89.75,0,1,0,1,0
CUST_2262,49,88.01,3,0,0,1,1
CUST_2263,17,81.86,0,1,0,0,0
CUST_2264,44,95.27,1,0,0,0,1
CUST_2265,30,35.86,1,0,0,1,1
CUST_2266,46,108.09,4,1,0,0,1
CUST_2267,6,107.18,1,0,1,1,1
CUST_2268,37,22.92,3,0,1,0,0
CUST_2269,24,102.58,1,1,0,0,1
CUST_2270,46,32.89,2,0,0,1,0
CUST_2271,53,53.51,2,1,0,1,0
CUST_2272,60,94.35,1,0,1,1,0
CUST_2273,63,36.08,4,1,0,1,0
CUST_2274,32,101.8,0,1,0,1,1
CUST_2275,33,103.21,1,1,1,1,1
CUST_2276,67,70.75,1,0,1,1,0
CUST_2277,18,20.64,0,1,1,1,0
CUST_2278,25,48.7,1,1,0,0,1
CUST_2279,54,81.69,2,1,1,0,0
CUST_2280,58,118.12,1,0,1,1,1
CUST_2281,67,83.18,1,1,0,1,0
CUST_2282,46,45.98,0,1,0,0,0
CUST_2283,24,83.4,1,0,0,0,1
CUST_2284,32,74.0,1,0,1,0,1
CUST_2285,47,97.98,1,1,0,1,1
CUST_2286,23,30.7,1,0,0,1,1
CUST_2287,66,96.1,2,1,0,0,0
CUST_2288,27,74.13,3,1,1,1,1
CUST_2289,2,116.3,1,1,0,1,1
CUST_2290,17,54.19,2,0,0,1,0
CUST_2291,33,83.26,2,0,0,0,1
CUST_2292,9,113.2,0,1,1,1,1
CUST_2293,43,30.25,6,0,0,1,1
CUST_2294,48,113.72,0,1,0,1,1
CUST_2295,39,88.79,2,0,1,0,1
CUST_2296,42,26.78,2,0,0,1,1
CUST_2297,26,50.1,1,0,1,1,0
CUST_2298,50,90.82,0,0,0,1,1
CUST_2299,25,26.74,1,1,0,0,0
CUST_2300,24,78.22,0,0,0,1,1
CUST_2301,13,54.59,4,0,0,0,1
CUST_2302,60,82.09,3,0,0,1,1
CUST_2303,7,24.57,2,0,0,1,1
CUST_2304,57,107.15,0,0,1,1,0
CUST_2305,36,117.35,2,1,0,1,1
CUST_2306,45,116.89,2,0,0,1,1
CUST_2307,20,94.97,0,0,0,1,1
CUST_2308,65,33.01,2,0,1,1,0
CUST_2309,8,95.83,0,1,0,0,1
CUST_2310,16,22.46,0,0,0,1,1
CUST_2311,14,22.21,1,0,0,1,1
CUST_2312,15,52.36,1,1,0,1,1
CUST_2313,66,68.86,1,0,0,1,0
CUST_2314,32,97.04,0,0,1,1,1
CUST_2315,63,88.33,0,0,0,1,0
CUST_2316,51,64.59,1,1,1,1,0
CUST_2317,25,47.36,1,0,0,1,0
CUST_2318,58,119.71,1,1,0,1,1
CUST_2319,63,62.62,3,1,1,1,1
CUST_2320,62,65.14,2,0,0,0,1
CUST_2321,22,36.36,2,0,1,0,1
CUST_2322,58,99.48,0,0,0,1,1
CUST_2323,58,89.37,2,1,1,1,1
CUST_2324,49,42.08,1,0,0,1,0
CUST_2325,52,28.24,2,0,0,1,1
CUST_2326,42,88.05,1,0,0,0,1
CUST_2327,70,85.45,0,1,0,1,1
CUST_2328,15,47.33,1,0,0,0,1
CUST_2329,54,115.09,2,1,0,0,0
CUST_2330,60,35.11,4,0,0,1,1
CUST_2331,8,63.23,1,0,0,0,0
CUST_2332,53,114.36,1,0,1,1,1
CUST_2333,60,61.97,2,0,0,1,0
CUST_2334,5,83.85,0,0,0,1,0
CUST_2335,68,59.76,6,0,0,0,1
CUST_2336,6,47.42,1,1,0,1,0
CUST_2337,47,118.4,0,1,0,0,1
CUST_2338,55,60.93,0,1,0,1,1
CUST_2339,40,109.41,3,0,1,1,1
CUST_2340,52,43.0,2,0,1,1,0
CUST_2341,16,41.31,1,0,0,0,1
CUST_2342,13,23.11,2,1,0,1,0
CUST_2343,30,85.17,3,1,0,1,1
CUST_2344,19,56.85,0,0,0,0,1
CUST_2345,17,106.44,0,0,0,1,1
CUST_2346,63,67.32,2,0,0,1,0
CUST_2347,19,116.82,2,0,0,0,1
CUST_2348,58,38.55,2,0,0,0,0
CUST_2349,55,106.86,1,1,0,1,1
CUST_2350,62,97.66,2,1,1,0,0
CUST_2351,23,97.09,0,0,0,0,1
CUST_2352,9,104.48,0,0,1,1,1
CUST_2353,12,96.1,1,1,1,1,1
CUST_2354,1,82.62,0,0,0,1,1
CUST_2355,58,33.12,4,0,0,1,1
CUST_2356,1,23.25,1,0,0,1,0
CUST_2357,34,112.08,5,0,1,0,1
CUST_2358,48,81.67,2,0,1,1,1
CUST_2359,1,99.65,2,1,0,1,1
CUST_2360,16,68.15,7,0,0,0,1
CUST_2361,61,31.73,2,0,1,1,0
CUST_2362,64,32.52,2,1,0,1,0
CUST_2363,63,88.56,2,0,1,0,1
CUST_2364,69,63.03,0,1,1,0,0
CUST_2365,22,40.05,0,1,0,1,0
CUST_2366,67,69.16,2,0,0,1,1
CUST_2367,26,26.42,1,1,0,1,0
CUST_2368,16,78.2,2,0,0,1,1
CUST_2369,51,46.9,0,1,0,0,0
CUST_2370,57,99.76,1,0,1,0,1
CUST_2371,29,51.04,2,1,1,0,0
CUST_2372,69,65.52,1,1,1,0,0
CUST_2373,47,21.16,2,0,0,0,0
CUST_2374,62,27.24,2,0,1,1,0
CUST_2375,69,59.25,4,1,1,1,1
CUST_2376,16,67.99,1,1,0,1,1
CUST_2377,48,80.0,1,0,0,0,1
CUST_2378,39,49.17,1,1,0,1,0
CUST_2379,33,89.5,0,0,1,1,0
CUST_2380,23,106.01,1,0,0,0,1
CUST_2381,10,97.99,1,0,1,1,1
CUST_2382,69,23.96,0,0,0,1,0
CUST_2383,34,68.05,0,1,1,0,0
CUST_2384,52,30.49,0,0,0,1,0
CUST_2385,10,44.2,3,1,0,0,1
CUST_2386,19,118.67,2,0,0,1,1
CUST_2387,58,34.25,1,0,0,1,0
CUST_2388,1,69.89,4,0,1,1,1
CUST_2389,69,81.82,2,0,0,0,1
CUST_2390,4,90.25,0,0,0,1,1
CUST_2391,16,75.96,1,0,0,1,1
CUST_2392,24,20.98,2,0,0,1,1
CUST_2393,2,52.65,0,0,0,1,1
CUST_2394,32,71.77,0,0,0,1,0
CUST_2395,24,28.79,2,0,1,1,0
CUST_2396,12,55.06,3,1,0,1,1
CUST_2397,50,23.32,2,1,1,1,0
CUST_2398,35,27.86,2,0,1,1,0
CUST_2399,33,59.69,1,0,0,1,1
CUST_2400,33,33.27,0,0,0,1,0
CUST_2401,61,76.75,1,1,0,1,0
CUST_2402,51,88.95,1,0,1,1,1
CUST_2403,43,100.06,0,0,1,1,1
CUST_2404,12,40.02,1,0,0,1,0
CUST_2405,67,36.75,1,0,1,0,0
CUST_2406,65,30.46,1,0,0,1,1
CUST_2407,33,83.64,2,1,1,1,1
CUST_2408,40,90.65,3,0,1,0,1
CUST_2409,43,23.16,1,1,0,1,0
CUST_2410,44,113.62,2,0,0,0,1
CUST_2411,29,25.2,4,0,0,0,1
CUST_2412,13,74.13,2,1,0,0,0
CUST_2413,12,90.91,0,0,1,1,1
CUST_2414,46,107.1,2,1,0,1,1
CUST_2415,2,91.41,3,0,0,1,1
CUST_2416,35,100.17,1,0,0,1,1
CUST_2417,8,53.95,1,1,1,1,1
CUST_2418,26,101.48,1,0,0,1,1
CUST_2419,34,28.01,2,1,0,1,0
CUST_2420,7,109.48,4,0,0,1,1
CUST_2421,68,74.76,4,1,1,0,1
CUST_2422,58,101.73,1,0,1,0,1
CUST_2423,29,65.23,1,0,0,1,1
CUST_2424,36,84.36,6,1,0,1,1
CUST_2425,21,72.64,1,1,0,0,1
CUST_2426,36,93.16,2,1,0,0,1
CUST_2427,10,28.16,0,1,0,1,1
CUST_2428,24,26.04,1,1,1,1,0
CUST_2429,64,44.71,3,0,0,1,0
CUST_2430,49,35.95,4,0,1,1,1
CUST_2431,36,107.18,3,0,0,1,1
CUST_2432,24,41.92,2,0,1,1,1
CUST_2433,23,117.59,0,0,1,1,1
CUST_2434,62,53.69,1,0,0,0,0
CUST_2435,37,38.21,1,0,0,1,1
CUST_2436,12,98.97,3,1,0,0,1
CUST_2437,55,85.87,4,0,0,0,1
CUST_2438,13,69.82,1,0,0,1,1
CUST_2439,23,75.54,1,0,0,1,1
CUST_2440,30,91.92,1,1,1,1,1
CUST_2441,17,42.85,1,1,0,0,0
CUST_2442,62,119.63,2,1,1,1,1
CUST_2443,13,117.48,2,0,0,1,1
CUST_2444,59,85.03,2,0,1,1,1
CUST_2445,19,39.95,3,0,0,0,1
CUST_2446,49,88.02,1,0,1,1,1
CUST_2447,12,27.22,2,0,0,1,0
CUST_2448,61,23.07,1,0,0,0,0
CUST_2449,19,45.77,2,0,0,1,0
CUST_2450,9,66.26,1,1,0,1,1
CUST_2451,71,106.83,1,1,0,0,1
CUST_2452,28,92.72,2,0,0,0,1
CUST_2453,52,94.27,1,0,0,0,1
CUST_2454,16,62.55,1,0,1,1,0
CUST_2455,69,54.59,0,0,0,0,0
CUST_2456,12,57.1,1,1,0,1,1
CUST_2457,25,118.76,1,0,1,1,1
CUST_2458,52,24.01,2,1,0,1,0
CUST_2459,53,106.7,0,0,0,0,1
CUST_2460,23,77.87,2,1,0,0,1
CUST_2461,16,63.86,3,0,1,1,1
CUST_2462,57,92.53,0,1,1,1,0
CUST_2463,39,68.67,2,0,1,1,1
CUST_2464,53,107.34,2,1,0,0,1
CUST_2465,42,110.07,1,0,1,1,1
CUST_2466,58,62.17,2,0,0,1,1
CUST_2467,39,47.68,0,1,0,0,0
CUST_2468,14,79.24,3,1,0,1,1
CUST_2469,5,111.24,3,1,0,1,1
CUST_2470,35,41.07,0,1,0,0,0
CUST_2471,18,82.3,1,1,0,1,1
CUST_2472,9,83.16,2,0,0,1,1
CUST_2473,58,93.31,1,0,0,0,1
CUST_2474,17,33.16,2,0,1,1,1
CUST_2475,7,91.58,0,1,0,1,0
CUST_2476,46,110.9,1,0,1,1,1
CUST_2477,13,37.97,3,0,0,0,1
CUST_2478,40,43.75,2,0,1,1,0
CUST_2479,42,117.14,3,1,0,1,1
CUST_2480,9,38.1,1,0,0,1,0
CUST_2481,50,105.44,0,0,0,0,1
CUST_2482,27,69.23,2,0,0,1,0
CUST_2483,66,44.72,1,0,1,1,1
CUST_2484,5,107.07,1,0,0,1,1
CUST_2485,29,64.53,0,1,0,1,0
CUST_2486,37,71.48,2,1,1,0,1
CUST_2487,38,55.92,1,1,0,0,0
CUST_2488,8,79.3,6,0,0,1,1
CUST_2489,65,36.35,3,1,0,0,0
CUST_2490,17,59.11,0,0,0,1,1
CUST_2491,71,116.94,2,0,0,0,1
CUST_2492,45,45.81,1,1,0,1,0
CUST_2493,4,85.67,2,0,1,1,1
CUST_2494,36,52.52,3,0,0,1,1
CUST_2495,70,97.35,2,1,0,1,0
CUST_2496,31,33.09,2,0,0,0,1
CUST_2497,19,116.98,2,1,1,1,1
CUST_2498,61,65.38,0,0,1,0,0
CUST_2499,54,43.61,1,1,0,1,0
CUST_2500,39,27.35,0,0,1,1,0
CUST_2501,19,36.98,2,0,0,1,1
CUST_2502,39,71.98,2,1,0,1,0
CUST_2503,67,53.7,1,0,0,1,0
CUST_2504,45,102.89,0,0,0,1,1
CUST_2505,13,63.09,0,0,0,1,0
CUST_2506,58,44.87,0,0,1,1,0
CUST_2507,20,81.71,4,0,0,0,1
CUST_2508,61,90.68,1,0,1,1,1
CUST_2509,39,36.7,1,1,0,1,0
CUST_2510,1,36.76,1,0,0,0,1
CUST_2511,3,23.67,3,0,0,0,1
CUST_2512,62,93.64,3,0,0,0,1
CUST_2513,63,86.38,3,0,0,1,1
CUST_2514,25,67.46,1,1,0,0,0
CUST_2515,56,104.42,1,0,0,0,0
CUST_2516,33,100.57,5,1,0,0,1
CUST_2517,38,78.54,1,0,1,1,0
CUST_2518,6,106.83,1,1,0,1,1
CUST_2519,58,40.58,1,0,0,1,0
CUST_2520,44,31.19,0,1,0,1,0
CUST_2521,45,46.97,0,0,1,1,0
CUST_2522,32,25.71,0,0,1,0,0
CUST_2523,45,73.12,3,0,0,0,1
CUST_2524,61,113.66,0,0,0,0,1
CUST_2525,47,23.93,0,1,0,0,0
CUST_2526,21,32.21,0,0,1,1,0
CUST_2527,36,65.22,1,0,0,1,1
CUST_2528,19,113.39,1,1,0,1,1
CUST_2529,20,51.62,0,0,0,1,0
CUST_2530,57,70.72,2,1,0,1,1
CUST_2531,18,24.16,0,1,1,0,0
CUST_2532,47,34.83,1,0,0,0,0
CUST_2533,49,118.66,0,1,0,1,1
CUST_2534,14,116.51,3,0,0,1,1
CUST_2535,15,20.49,2,0,1,0,0
CUST_2536,31,115.18,1,0,1,1,1
CUST_2537,1,83.91,1,0,0,1,1
CUST_2538,54,106.79,3,1,0,1,1
CUST_2539,3,65.47,1,1,1,1,1
CUST_2540,16,71.56,1,0,0,1,1
CUST_2541,57,68.88,1,0,0,0,1
CUST_2542,12,86.69,2,1,0,1,1
CUST_2543,16,33.97,1,0,1,0,0
CUST_2544,24,23.0,0,0,0,1,0
CUST_2545,28,50.79,1,0,1,1,0
CUST_2546,8,90.47,2,1,0,1,1
CUST_2547,36,40.19,1,0,0,1,0
CUST_2548,8,87.34,0,1,0,1,1
CUST_2549,58,116.99,5,1,0,1,1
CUST_2550,60,29.39,2,0,0,1,0
CUST_2551,50,87.26,0,0,0,1,0
CUST_2552,28,64.38,3,1,0,1,0
CUST_2553,41,106.81,3,0,1,0,1
CUST_2554,64,37.71,0,1,1,1,0
CUST_2555,27,89.26,2,1,0,1,1
CUST_2556,63,103.81,1,1,0,0,0
CUST_2557,17,114.46,1,1,0,0,1
CUST_2558,33,88.32,2,1,0,1,0
CUST_2559,29,69.72,2,1,1,0,1
CUST_2560,13,81.78,0,0,0,1,0
CUST_2561,46,106.89,1,0,0,1,1
CUST_2562,35,77.06,0,0,1,1,1
CUST_2563,6,23.04,1,1,0,0,0
CUST_2564,69,113.09,3,0,0,1,1
CUST_2565,47,88.95,0,1,0,1,0
CUST_2566,25,87.65,2,0,0,1,1
CUST_2567,66,41.57,3,1,0,1,1
CUST_2568,10,85.89,4,0,1,1,1
CUST_2569,56,59.39,1,1,1,1,0
CUST_2570,30,85.12,3,0,0,1,1
CUST_2571,5,30.66,0,0,1,1,0
CUST_2572,33,85.78,5,0,0,1,1
CUST_2573,65,119.94,3,1,1,1,1
CUST_2574,18,24.82,2,0,0,0,0
CUST_2575,49,117.72,0,0,1,0,1
CUST_2576,11,60.69,1,1,1,1,0
CUST_2577,26,107.08,0,1,0,1,1
CUST_2578,63,98.24,2,1,1,1,1
CUST_2579,59,76.7,0,0,1,1,1
CUST_2580,27,93.84,0,0,1,0,0
CUST_2581,49,107.85,2,1,0,1,1
CUST_2582,33,60.41,2,0,1,0,1
CUST_2583,1,52.7,1,1,1,1,1
CUST_2584,21,86.76,2,0,0,1,1
CUST_2585,55,100.78,1,0,1,1,1
CUST_2586,6,96.23,1,0,0,1,1
CUST_2587,69,99.78,1,0,0,1,0
CUST_2588,5,63.56,4,0,0,1,1
CUST_2589,3,101.78,0,0,0,0,1
CUST_2590,53,32.02,2,1,0,0,0
CUST_2591,23,74.45,0,0,0,1,1
CUST_2592,53,20.58,1,1,1,1,0
CUST_2593,37,52.46,1,1,0,1,0
CUST_2594,17,56.65,1,0,0,1,1
CUST_2595,1,59.62,1,0,0,1,1
CUST_2596,51,89.55,5,1,0,1,1
CUST_2597,45,58.86,1,1,1,1,0
CUST_2598,4,64.87,1,1,0,0,0
CUST_2599,62,43.75,0,1,1,0,0
CUST_2600,65,57.33,3,1,0,1,1
CUST_2601,32,42.73,2,0,0,0,1
CUST_2602,34,27.32,0,0,0,0,0
CUST_2603,39,80.34,1,1,0,0,1
CUST_2604,26,86.82,0,0,0,1,1
CUST_2605,34,81.95,2,1,0,1,1
CUST_2606,54,66.35,1,0,0,1,0
CUST_2607,3,57.98,1,0,1,1,1
CUST_2608,50,106.33,3,1,0,1,1
CUST_2609,12,71.91,3,0,0,1,1
CUST_2610,65,67.92,4,0,0,0,1
CUST_2611,54,22.56,2,0,0,0,0
CUST_2612,5,54.12,1,1,1,1,0
CUST_2613,57,58.02,3,0,0,1,0
CUST_2614,17,59.88,0,1,0,1,0
CUST_2615,47,78.02,5,0,1,1,1
CUST_2616,23,73.36,0,1,0,1,1
CUST_2617,14,80.79,2,1,0,0,1
CUST_2618,66,96.49,2,0,0,0,1
CUST_2619,51,101.3,3,0,0,0,1
CUST_2620,38,91.81,1,0,1,0,0
CUST_2621,64,115.55,2,1,1,1,1
CUST_2622,38,21.82,2,0,1,0,0
CUST_2623,50,39.58,1,1,0,0,0
CUST_2624,30,20.76,0,0,0,1,0
CUST_2625,51,84.75,5,0,1,1,1
CUST_2626,63,109.8,2,0,0,0,1
CUST_2627,52,44.35,0,0,0,0,0
CUST_2628,38,112.7,1,0,0,1,1
CUST_2629,30,26.03,3,1,0,1,1
CUST_2630,51,113.44,0,1,0,1,1
CUST_2631,5,55.16,0,0,1,1,0
CUST_2632,29,30.14,1,1,1,1,0
CUST_2633,4,68.59,4,1,0,1,1
CUST_2634,10,45.68,2,1,0,1,1
CUST_2635,56,48.49,1,0,0,1,0
CUST_2636,17,50.73,2,0,1,0,0
CUST_2637,17,100.3,4,0,0,1,1
CUST_2638,69,73.92,0,1,1,1,0
CUST_2639,34,51.13,1,0,0,0,1
CUST_2640,6,81.03,4,0,0,1,1
CUST_2641,53,91.62,1,0,0,0,1
CUST_2642,66,47.26,0,0,1,1,0
CUST_2643,43,61.35,1,1,0,1,0
CUST_2644,23,32.19,1,0,0,1,1
CUST_2645,55,38.11,0,0,0,1,0
CUST_2646,16,88.11,0,1,1,0,1
CUST_2647,8,38.14,4,1,1,1,0
CUST_2648,4,72.52,2,1,0,1,1
CUST_2649,4,90.9,1,1,1,1,0
CUST_2650,56,30.69,1,1,0,1,1
CUST_2651,25,76.73,1,0,0,1,1
CUST_2652,67,45.66,0,0,0,1,0
CUST_2653,67,116.29,1,1,0,0,0
CUST_2654,27,68.35,2,1,1,1,1
CUST_2655,32,100.6,0,1,1,1,1
CUST_2656,50,75.02,1,0,0,1,0
CUST_2657,61,24.34,2,0,0,0,0
CUST_2658,51,83.32,2,0,1,0,0
CUST_2659,19,115.14,1,0,1,1,1
CUST_2660,21,80.16,1,0,0,1,1
CUST_2661,5,101.92,1,1,1,1,1
CUST_2662,42,108.42,1,0,0,1,0
CUST_2663,61,42.81,1,0,0,1,0
CUST_2664,22,41.2,3,0,1,1,0
CUST_2665,21,81.1,2,1,0,0,1
CUST_2666,70,61.1,4,0,0,1,1
CUST_2667,1,103.99,2,0,0,0,1
CUST_2668,5,110.0,2,0,1,1,1
CUST_2669,12,55.34,2,0,1,1,1
CUST_2670,46,43.69,2,1,0,1,0
CUST_2671,34,98.05,0,1,0,1,1
CUST_2672,49,47.48,1,0,0,1,1
CUST_2673,45,102.26,2,0,0,1,1
CUST_2674,27,62.37,1,1,0,0,1
CUST_2675,26,86.75,1,0,1,1,1
CUST_2676,47,29.55,1,0,0,0,0
CUST_2677,56,82.39,1,0,0,1,1
CUST_2678,63,65.18,1,1,0,0,0
CUST_2679,48,78.66,0,0,0,0,0
CUST_2680,61,36.8,2,0,1,1,0
CUST_2681,26,93.69,2,1,0,1,1
CUST_2682,36,106.28,2,0,0,1,1
CUST_2683,1,41.67,0,0,0,0,0
CUST_2684,8,29.57,3,1,0,1,0
CUST_2685,52,22.36,1,0,0,0,0
CUST_2686,47,84.2,0,1,0,1,0
CUST_2687,56,80.71,1,0,0,1,1
CUST_2688,14,74.67,1,0,0,1,1
CUST_2689,28,43.19,4,0,0,1,1
CUST_2690,2,59.09,1,0,0,1,1
CUST_2691,26,79.45,0,0,1,1,1
CUST_2692,14,69.68,2,1,0,1,1
CUST_2693,59,118.78,1,0,0,1,1
CUST_2694,56,33.64,1,0,0,1,0
CUST_2695,7,89.51,1,0,0,0,1
CUST_2696,3,60.43,1,1,1,1,0
CUST_2697,23,62.82,1,0,0,1,1
CUST_2698,18,91.76,3,0,1,1,1
CUST_2699,38,89.24,1,0,0,0,0
CUST_2700,15,119.13,0,0,0,0,1
CUST_2701,64,32.84,0,0,1,1,0
CUST_2702,28,30.41,1,1,0,1,0
CUST_2703,39,92.43,3,0,0,0,0
CUST_2704,57,77.84,0,0,0,1,0
CUST_2705,17,47.42,0,0,1,1,1
CUST_2706,44,27.94,2,1,0,1,0
CUST_2707,25,28.57,0,0,1,0,0
CUST_2708,17,109.42,0,0,0,0,1
CUST_2709,13,39.19,1,0,1,1,1
CUST_2710,25,52.34,0,0,0,0,1
CUST_2711,68,42.67,1,0,1,0,1
CUST_2712,10,55.5,1,0,0,1,1
CUST_2713,67,26.94,0,0,1,1,0
CUST_2714,18,71.91,2,0,0,0,1
CUST_2715,34,26.76,1,0,0,0,0
CUST_2716,8,100.04,1,0,0,0,1
CUST_2717,40,43.37,3,0,0,0,1
CUST_2718,42,74.0,0,1,0,1,0
CUST_2719,41,108.01,0,1,1,1,0
CUST_2720,6,85.09,3,1,1,1,1
CUST_2721,52,73.3,1,1,0,1,0
CUST_2722,26,52.43,3,1,1,1,0
CUST_2723,64,53.3,2,1,0,0,0
CUST_2724,59,86.95,4,0,0,1,1
CUST_2725,56,119.41,2,1,1,1,1
CUST_2726,59,86.18,4,0,0,1,1
CUST_2727,70,75.78,1,0,1,0,0
CUST_2728,33,93.07,1,1,0,1,1
CUST_2729,53,66.52,3,0,0,1,1
CUST_2730,22,26.01,2,0,0,1,1
CUST_2731,21,76.23,0,1,0,0,1
CUST_2732,70,115.76,0,0,0,1,1
CUST_2733,70,37.53,1,0,1,1,0
CUST_2734,4,89.0,2,1,1,1,1
CUST_2735,62,40.09,1,1,1,1,0
CUST_2736,62,73.58,3,0,0,0,1
CUST_2737,24,29.67,3,0,0,0,0
CUST_2738,55,65.04,0,0,0,1,1
CUST_2739,9,95.62,0,1,0,1,1
CUST_2740,3,54.76,2,0,0,0,1
CUST_2741,31,86.49,4,0,1,1,1
CUST_2742,40,99.54,1,0,0,1,0
CUST_2743,36,112.72,0,0,0,0,1
CUST_2744,24,43.46,1,1,0,1,0
CUST_2745,6,59.93,1,0,0,1,1
CUST_2746,66,35.24,2,1,0,1,0
CUST_2747,4,119.25,1,0,1,1,1
CUST_2748,6,112.7,2,1,0,1,1
CUST_2749,51,74.0,0,1,1,0,0
CUST_2750,62,104.2,2,0,0,1,1
CUST_2751,57,72.1,4,0,0,0,1
CUST_2752,66,82.36,3,0,0,1,1
CUST_2753,8,28.91,0,1,1,0,0
CUST_2754,26,95.53,2,0,1,1,0
CUST_2755,51,32.77,2,1,0,1,0
CUST_2756,45,102.61,1,1,0,1,1
CUST_2757,44,98.2,0,1,0,0,1
CUST_2758,5,90.87,2,1,0,1,1
CUST_2759,70,23.62,2,0,1,1,0
CUST_2760,26,50.31,0,0,0,1,0
CUST_2761,68,46.31,1,0,0,0,0
CUST_2762,19,56.01,3,1,0,1,1
CUST_2763,20,28.76,2,1,0,1,1
CUST_2764,12,113.7,0,1,0,0,1
CUST_2765,47,75.38,0,0,0,1,0
CUST_2766,1,50.55,2,0,1,1,1
CUST_2767,14,59.7,1,1,1,1,0
CUST_2768,64,64.72,1,0,0,1,0
CUST_2769,38,80.06,3,0,1,1,1
CUST_2770,37,71.57,2,1,0,1,0
CUST_2771,11,111.94,0,0,0,1,1
CUST_2772,3,69.7,0,0,0,1,1
CUST_2773,33,119.22,2,0,0,1,1
CUST_2774,6,105.14,0,0,0,1,1
CUST_2775,50,40.85,3,1,0,0,0
CUST_2776,10,113.06,1,0,0,1,1
CUST_2777,5,31.64,1,0,1,1,1
CUST_2778,23,101.74,3,0,0,0,1
CUST_2779,10,58.06,1,1,0,0,1
CUST_2780,44,107.8,0,0,0,1,1
CUST_2781,2,106.81,4,0,0,1,1
CUST_2782,13,100.59,1,0,0,1,1
CUST_2783,40,99.0,3,0,1,1,1
CUST_2784,2,50.47,1,0,0,0,1
CUST_2785,65,28.09,3,1,0,1,0
CUST_2786,63,60.3,1,1,0,1,0
CUST_2787,17,37.35,0,0,0,1,1
CUST_2788,9,89.5,1,0,0,0,1
CUST_2789,15,54.61,2,1,0,1,1
CUST_2790,24,117.56,1,0,0,0,1
CUST_2791,38,84.1,0,1,0,1,0
CUST_2792,35,102.25,1,0,0,1,1
CUST_2793,49,33.25,1,1,1,1,1
CUST_2794,69,106.2,2,1,0,0,1
CUST_2795,62,112.28,3,1,1,1,1
CUST_2796,60,68.71,5,1,1,1,1
CUST_2797,50,80.63,3,0,0,1,0
CUST_2798,9,96.48,2,1,0,1,1
CUST_2799,34,37.48,3,0,0,1,1
CUST_2800,35,70.26,2,0,0,1,0
CUST_2801,1,59.87,2,1,0,1,1
CUST_2802,40,34.64,1,1,1,1,0
CUST_2803,64,56.75,1,1,1,0,0
CUST_2804,22,26.82,1,0,0,1,0
CUST_2805,60,22.58,4,1,0,1,0
CUST_2806,64,33.52,3,1,0,0,0
CUST_2807,11,116.31,1,0,1,1,1
CUST_2808,14,74.95,1,0,0,1,1
CUST_2809,60,116.58,3,0,0,1,1
CUST_2810,30,63.25,1,0,1,1,1
CUST_2811,35,51.18,1,1,0,0,0
CUST_2812,37,70.61,1,1,1,1,1
CUST_2813,5,63.95,1,1,0,0,1
CUST_2814,26,30.57,0,1,0,1,0
CUST_2815,62,84.08,3,0,1,0,1
CUST_2816,4,41.6,1,1,0,0,0
CUST_2817,42,81.96,0,0,0,1,1
CUST_2818,18,85.02,2,1,0,1,1
CUST_2819,40,35.2,1,0,0,1,0
CUST_2820,39,26.13,2,1,0,1,0
CUST_2821,14,98.08,1,0,0,0,1
CUST_2822,32,65.98,2,0,0,0,1
CUST_2823,51,25.82,0,1,0,1,0
CUST_2824,38,119.49,2,0,1,0,1
CUST_2825,23,25.78,1,1,1,1,0
CUST_2826,63,89.5,2,0,0,1,1
CUST_2827,15,118.37,3,1,0,1,1
CUST_2828,25,43.92,1,0,0,1,0
CUST_2829,17,34.22,2,0,0,1,0
CUST_2830,66,32.14,1,0,1,1,0
CUST_2831,53,50.33,3,0,1,0,1
CUST_2832,51,30.1,1,0,0,0,0
CUST_2833,39,89.22,1,0,0,1,0
CUST_2834,51,26.23,1,0,0,1,0
CUST_2835,70,70.94,1,0,0,1,0
CUST_2836,6,119.67,0,0,0,1,1
CUST_2837,67,101.4,1,1,1,0,0
CUST_2838,7,81.52,1,0,1,1,1
CUST_2839,51,50.63,1,0,0,1,0
CUST_2840,42,82.39,1,1,0,0,1
CUST_2841,64,72.7,3,0,1,1,1
CUST_2842,15,62.61,0,1,0,0,1
CUST_2843,29,33.07,1,0,0,1,0
CUST_2844,33,108.66,2,0,0,1,1
CUST_2845,27,64.98,0,0,1,1,0
CUST_2846,36,39.46,2,1,0,1,0
CUST_2847,29,56.78,1,1,0,1,1
CUST_2848,38,61.41,3,0,1,1,1
CUST_2849,57,102.75,1,0,1,1,1
CUST_2850,27,93.36,4,1,1,1,1
CUST_2851,55,96.93,0,0,0,1,0
CUST_2852,33,21.1,2,0,0,0,0
CUST_2853,68,61.62,1,1,1,1,0
CUST_2854,66,68.13,1,1,1,0,0
CUST_2855,10,21.92,6,0,0,0,1
CUST_2856,5,45.98,2,1,0,1,1
CUST_2857,38,96.03,1,1,1,1,1
CUST_2858,13,33.71,2,0,1,0,0
CUST_2859,31,73.53,5,0,0,1,1
CUST_2860,47,41.52,1,0,0,1,1
CUST_2861,52,21.21,3,1,0,1,1
CUST_2862,56,44.12,1,1,0,0,0
CUST_2863,15,117.59,1,0,0,1,1
CUST_2864,29,100.15,0,1,0,1,1
CUST_2865,8,115.96,3,0,0,1,1
CUST_2866,5,68.79,3,0,0,0,1
CUST_2867,29,30.97,2,0,0,0,1
CUST_2868,47,74.8,1,0,1,1,0
CUST_2869,68,65.44,1,1,0,1,0
CUST_2870,45,104.44,2,0,0,0,1
CUST_2871,2,29.81,0,1,1,0,0
CUST_2872,27,68.82,0,0,0,1,0
CUST_2873,36,35.0,2,0,1,0,0
CUST_2874,36,52.47,2,1,1,1,1
CUST_2875,26,93.74,2,0,0,0,1
CUST_2876,43,67.6,0,0,1,0,0
CUST_2877,27,57.59,0,0,0,1,0
CUST_2878,69,59.45,1,1,0,1,0
CUST_2879,20,65.94,2,0,0,1,1
CUST_2880,11,98.5,0,0,0,1,1
CUST_2881,38,109.21,1,0,1,1,1
CUST_2882,6,115.53,1,0,0,1,1
CUST_2883,23,98.69,3,1,0,0,1
CUST_2884,47,51.54,0,0,0,1,0
CUST_2885,46,88.81,0,0,0,1,0
CUST_2886,12,63.76,1,0,0,1,1
CUST_2887,13,45.47,2,0,0,0,1
CUST_2888,62,104.09,1,1,1,1,0
CUST_2889,60,23.84,4,0,0,1,0
CUST_2890,43,110.18,2,1,1,1,1
CUST_2891,68,66.15,0,0,0,0,1
CUST_2892,5,83.72,1,0,1,0,1
CUST_2893,37,85.94,3,1,1,1,1
CUST_2894,31,109.51,2,0,0,0,1
CUST_2895,9,83.67,1,1,0,1,0
CUST_2896,51,81.39,0,1,1,1,0
CUST_2897,29,26.67,0,0,0,0,0
CUST_2898,40,71.84,3,0,1,1,1
CUST_2899,41,35.02,3,1,0,1,0
CUST_2900,11,93.74,0,0,0,1,0
CUST_2901,23,71.22,2,0,0,0,1
CUST_2902,1,88.02,0,0,1,0,1
CUST_2903,46,24.17,4,0,0,1,1
CUST_2904,21,28.48,0,1,1,0,0
CUST_2905,36,91.63,1,0,1,1,0
CUST_2906,54,27.21,2,0,0,0,0
CUST_2907,57,27.13,0,1,0,1,0
CUST_2908,1,21.21,1,0,1,1,0
CUST_2909,63,115.65,0,0,0,1,0
CUST_2910,54,93.75,3,1,1,0,0
CUST_2911,55,55.33,3,0,0,1,1
CUST_2912,40,49.65,1,1,0,0,0
CUST_2913,15,54.97,2,1,1,1,1
CUST_2914,21,97.47,0,0,0,0,1
CUST_2915,47,86.14,1,0,0,1,1
CUST_2916,53,38.52,3,0,0,1,1
CUST_2917,9,37.41,3,0,0,0,1
CUST_2918,52,29.84,0,1,0,1,0
CUST_2919,57,86.03,0,1,1,0,0
CUST_2920,26,96.44,1,0,0,1,1
CUST_2921,41,46.5,2,1,0,1,0
CUST_2922,35,22.09,0,1,0,1,0
CUST_2923,63,28.22,1,1,0,1,0
CUST_2924,25,116.79,2,0,0,0,1
CUST_2925,38,49.54,0,0,1,1,0
CUST_2926,2,96.92,0,0,1,0,1
CUST_2927,7,82.47,0,1,0,1,0
CUST_2928,34,58.19,2,0,0,1,0
CUST_2929,17,40.57,2,0,0,1,1
CUST_2930,43,32.14,2,0,0,0,0
CUST_2931,59,81.5,1,0,0,1,0
CUST_2932,51,97.46,4,0,0,1,1
CUST_2933,54,84.39,2,1,0,1,1
CUST_2934,24,73.03,2,0,0,0,1
CUST_2935,25,24.2,1,0,0,0,1
CUST_2936,71,116.85,1,0,1,0,1
CUST_2937,52,99.87,2,0,0,1,1
CUST_2938,70,49.28,2,0,0,0,1
CUST_2939,33,118.0,1,0,0,1,1
CUST_2940,49,80.19,2,0,0,0,1
CUST_2941,29,78.24,2,0,1,1,1
CUST_2942,63,94.81,0,0,0,1,0
CUST_2943,22,101.18,1,0,0,1,1
CUST_2944,26,85.65,0,1,0,1,0
CUST_2945,28,32.81,3,1,1,0,0
CUST_2946,49,53.83,1,0,0,0,1
CUST_2947,71,112.81,2,0,0,0,1
CUST_2948,49,42.46,2,1,0,1,0
CUST_2949,20,57.22,0,0,0,1,0
CUST_2950,63,63.21,4,1,0,1,0
CUST_2951,61,63.94,2,1,0,1,0
CUST_2952,49,81.29,1,0,0,1,1
CUST_2953,71,114.31,0,0,1,1,1
CUST_2954,1,44.07,1,1,0,1,1
CUST_2955,13,32.15,1,0,0,0,1
CUST_2956,51,39.75,0,0,0,1,0
CUST_2957,56,108.69,3,0,1,1,1
CUST_2958,62,84.58,2,0,0,1,1
CUST_2959,32,48.59,0,1,1,1,0
CUST_2960,30,101.59,2,1,0,1,1
CUST_2961,29,106.14,1,1,0,0,1
CUST_2962,49,104.65,0,0,0,1,0
CUST_2963,45,111.89,2,0,0,1,1
CUST_2964,30,45.22,4,0,1,0,1
CUST_2965,16,95.5,3,0,1,1,1
CUST_2966,40,66.05,2,0,0,1,1
CUST_2967,19,104.2,2,1,0,1,1
CUST_2968,18,92.85,1,1,1,0,1
CUST_2969,1,97.64,1,0,0,1,1
CUST_2970,47,85.62,3,1,0,1,1
CUST_2971,66,37.74,2,0,0,1,0
CUST_2972,38,74.5,1,0,0,1,1
CUST_2973,51,118.47,2,1,0,1,1
CUST_2974,63,113.74,2,0,0,1,1
CUST_2975,4,24.32,0,1,0,1,0
CUST_2976,1,36.48,2,1,0,1,1
CUST_2977,8,33.17,0,0,0,1,1
CUST_2978,29,92.6,1,1,0,0,1
CUST_2979,55,101.78,3,0,1,1,1
CUST_2980,3,41.35,4,0,0,1,1
CUST_2981,32,70.59,3,0,0,1,1
CUST_2982,10,104.07,1,0,1,0,1
CUST_2983,34,93.28,2,1,1,1,1
CUST_2984,55,74.22,0,0,0,0,0
CUST_2985,32,79.03,3,1,0,0,1
CUST_2986,50,70.84,1,0,1,1,0
CUST_2987,7,49.75,1,0,1,1,1
CUST_2988,8,76.5,0,1,1,1,1
CUST_2989,65,88.89,0,0,1,0,0
CUST_2990,57,107.33,1,0,0,1,1
CUST_2991,67,83.63,1,0,0,0,1
CUST_2992,59,96.11,1,0,0,1,1
CUST_2993,54,36.01,1,0,0,1,1
CUST_2994,67,66.16,1,1,0,1,0
CUST_2995,51,20.93,0,0,0,1,0
CUST_2996,8,44.67,3,0,0,0,0
CUST_2997,34,92.65,1,1,1,1,1
CUST_2998,35,119.18,0,0,0,0,1
CUST_2999,32,29.92,0,1,0,1,0
