Transaction_ID,Customer_ID,Date,Product_Category,Purchase_Amount,Customer_Age,Payment_Method
TXN_1913,CUST_259,2026-05-27 21:00:00,Books,75.42955419422151,51,Debit Card
TXN_2144,CUST_203,2026-02-15 17:00:00,Books,172.76251756713106,22,Debit Card
TXN_1000,CUST_202,2026-03-25 05:00:00,Clothing,188.00634659340423,58,Debit Card
TXN_2126,CUST_159,2026-05-26 16:00:00,Beauty,59.691030904723085,67,Credit Card
TXN_1032,CUST_158,2026-05-14 12:00:00,Clothing,132.11224383613862,42,Cash
TXN_1475,CUST_162,2026-03-06 22:00:00,Home & Kitchen,103.5497717085402,33,PayPal
TXN_1805,CUST_204,2026-05-12 22:00:00,Books,327.0327178824548,59,Debit Card
TXN_1648,CUST_141,2026-01-23 20:00:00,Home & Kitchen,109.26558314584604,53,PayPal
TXN_1116,CUST_222,2026-05-29 03:00:00,Home & Kitchen,119.52362326298164,25,Debit Card
TXN_1344,CUST_107,2026-02-02 19:00:00,Beauty,180.51906834528788,57,PayPal
TXN_1915,CUST_160,2026-03-23 09:00:00,Beauty,70.41822973968979,41,PayPal
TXN_1252,UNKNOWN,2026-05-11 22:00:00,Beauty,177.82615159884097,49,Cash
TXN_1799,CUST_185,2026-05-29 02:00:00,Clothing,54.511597867193714,44,PayPal
TXN_1087,CUST_114,2026-01-21 10:00:00,Beauty,42.70746213036664,44,Debit Card
TXN_1721,CUST_157,2026-02-14 18:00:00,Clothing,137.10470351528508,62,Credit Card
TXN_2018,CUST_249,2026-04-16 06:00:00,Home & Kitchen,115.43670665176468,35,Credit Card
TXN_1099,CUST_256,2026-05-19 19:00:00,Books,127.94151922387223,58,Credit Card
TXN_1700,CUST_240,2026-05-19 19:00:00,Clothing,79.7144304873826,46,Cash
TXN_1375,CUST_198,2026-01-28 19:00:00,Home & Kitchen,115.43670665176468,63,Not Specified
TXN_1134,CUST_200,2026-01-18 20:00:00,Clothing,102.72315837198144,30,Credit Card
TXN_1002,CUST_192,2026-02-01 00:00:00,Books,128.5955499472714,44,Cash
TXN_1020,CUST_187,2026-02-01 00:00:00,Home & Kitchen,153.6559704814783,52,Debit Card
TXN_1168,CUST_284,2026-01-12 16:00:00,Home & Kitchen,65.66154774456359,65,Credit Card
TXN_1706,CUST_226,2026-04-21 18:00:00,Electronics,86.82984795425095,67,Credit Card
TXN_1361,CUST_116,2026-04-01 01:00:00,Books,183.8395639689789,21,Debit Card
TXN_2061,CUST_167,2026-01-07 16:00:00,Books,121.04346995015617,33,Debit Card
TXN_1247,CUST_169,2026-05-29 09:00:00,Clothing,148.55782074135408,62,Debit Card
TXN_1407,CUST_269,2026-04-15 18:00:00,Home & Kitchen,138.62944699415186,25,PayPal
TXN_1532,CUST_237,2026-05-19 06:00:00,Books,184.6428951521657,19,Cash
TXN_2043,CUST_233,2026-05-07 18:00:00,Books,108.65939567779692,56,Debit Card
TXN_1998,CUST_210,2026-03-09 14:00:00,Beauty,132.96277905554166,51,Cash
TXN_1838,CUST_253,2026-04-28 03:00:00,Home & Kitchen,99.41599995057685,39,PayPal
TXN_1612,CUST_212,2026-05-27 20:00:00,Home & Kitchen,115.43670665176468,32,Cash
TXN_1735,CUST_245,2026-05-14 05:00:00,Electronics,79.18713490798262,36,Debit Card
TXN_1770,CUST_290,2026-04-14 01:00:00,Electronics,8.17556172605623,39,Credit Card
TXN_1149,CUST_195,2026-01-19 22:00:00,Electronics,95.22802288095512,50,Cash
TXN_1393,CUST_274,2026-01-16 16:00:00,Home & Kitchen,108.67793973064414,66,Debit Card
TXN_1653,CUST_232,2026-01-25 08:00:00,Electronics,185.3469609144785,35,Debit Card
TXN_2007,CUST_279,2026-03-25 18:00:00,Clothing,79.98417463232033,44,Debit Card
TXN_1157,CUST_135,2026-01-03 00:00:00,Beauty,181.74369417885288,39,Cash
TXN_1381,CUST_166,2026-03-02 03:00:00,Books,77.64264291943934,56,PayPal
TXN_1513,CUST_128,2026-05-04 04:00:00,Home & Kitchen,115.43670665176468,40,Debit Card
TXN_1242,CUST_238,2026-01-21 03:00:00,Beauty,196.42153897657644,42,Cash
TXN_1579,CUST_214,2026-01-19 17:00:00,Clothing,205.6864400322244,49,Cash
TXN_1339,CUST_257,2026-05-08 21:00:00,Books,127.94151922387223,34,PayPal
TXN_1183,CUST_126,2026-04-29 06:00:00,Electronics,101.64941345156262,43,PayPal
TXN_1613,CUST_161,2026-01-19 21:00:00,Clothing,238.24575186851555,18,Debit Card
TXN_1834,CUST_191,2026-01-30 04:00:00,Home & Kitchen,103.30653030236272,53,Debit Card
TXN_1268,CUST_110,2026-02-26 01:00:00,Books,143.27578914715883,43,Credit Card
TXN_1198,CUST_158,2026-04-23 22:00:00,Beauty,177.47339387773127,37,PayPal
TXN_1230,CUST_259,2026-02-26 19:00:00,Clothing,160.81259751321468,48,PayPal
TXN_1855,CUST_241,2026-06-04 06:00:00,Home & Kitchen,24.128630003836378,30,Debit Card
TXN_1285,CUST_296,2026-02-27 16:00:00,Home & Kitchen,99.4975340598742,27,Cash
TXN_1777,CUST_233,2026-02-03 18:00:00,Clothing,172.3544821684497,24,Credit Card
TXN_1267,CUST_228,2026-01-22 15:00:00,Beauty,157.8725932569973,64,Credit Card
TXN_1109,CUST_162,2026-05-16 07:00:00,Beauty,102.27707219330094,63,Debit Card
TXN_1224,CUST_225,2026-05-06 06:00:00,Clothing,113.38279808828054,45,Debit Card
TXN_1737,CUST_148,2026-03-19 09:00:00,Home & Kitchen,181.660016769503,18,Credit Card
TXN_1827,CUST_272,2026-05-15 06:00:00,Books,127.94151922387223,48,Cash
TXN_1141,CUST_126,2026-04-02 12:00:00,Clothing,159.14036280610622,49,Debit Card
TXN_1695,CUST_118,2026-03-06 19:00:00,Clothing,132.11224383613862,24,Cash
TXN_1772,CUST_260,2026-04-01 21:00:00,Home & Kitchen,134.39314956371334,28,Credit Card
TXN_2088,CUST_267,2026-05-03 09:00:00,Beauty,114.91411686511027,32,PayPal
TXN_1081,CUST_143,2026-05-17 08:00:00,Home & Kitchen,115.4087437598766,39,Cash
TXN_1713,CUST_290,2026-01-04 07:00:00,Electronics,121.25582367662066,62,PayPal
TXN_2128,CUST_134,2026-03-02 00:00:00,Beauty,209.99460362425927,63,PayPal
TXN_1652,CUST_221,2026-01-11 16:00:00,Beauty,132.96277905554166,30,Debit Card
TXN_1988,CUST_112,2026-02-27 10:00:00,Books,198.08325754847573,61,Debit Card
TXN_1254,CUST_189,2026-04-25 20:00:00,Clothing,200.57257604773355,44,Debit Card
TXN_1194,CUST_264,2026-01-30 05:00:00,Beauty,238.55686147492287,55,PayPal
TXN_2137,CUST_188,2026-01-28 07:00:00,Beauty,197.6252961430625,69,Credit Card
TXN_1210,CUST_230,2026-10-03 19:00:00,Books,175.42152254790884,61,Cash
TXN_1354,CUST_160,2026-02-15 19:00:00,Beauty,107.33556175922688,48,Credit Card
TXN_2192,CUST_217,2026-04-22 00:00:00,Beauty,230.27738843630465,26,Cash
TXN_1962,CUST_208,2026-05-27 23:00:00,Clothing,58.30397603605675,20,Cash
TXN_1764,CUST_277,2026-02-08 16:00:00,Clothing,264.60868062154105,61,Credit Card
TXN_1405,CUST_275,2026-03-17 13:00:00,Home & Kitchen,228.80927201442503,47,PayPal
TXN_2072,CUST_136,2026-04-18 18:00:00,Books,21.405500866879976,60,PayPal
TXN_2001,CUST_212,2026-05-01 00:00:00,Books,139.95341501480334,58,Credit Card
TXN_1172,CUST_207,2026-03-11 23:00:00,Books,127.94151922387223,31,Credit Card
TXN_1026,CUST_120,2026-02-02 03:00:00,Beauty,72.85342148581105,41,PayPal
TXN_1520,CUST_275,2026-02-02 03:00:00,Electronics,102.31660291703596,52,PayPal
TXN_1452,CUST_159,2026-03-28 12:00:00,Electronics,228.0891271989372,30,Cash
TXN_1802,CUST_276,2026-02-16 22:00:00,Beauty,13.131007666510923,44,Cash
TXN_1861,CUST_291,2026-03-11 05:00:00,Books,137.4241871798981,66,PayPal
TXN_2169,CUST_141,2026-03-28 23:00:00,Beauty,176.56258876886278,40,Not Specified
TXN_2089,CUST_229,2026-03-08 18:00:00,Books,3.925768711102066,42,Cash
TXN_1793,CUST_245,2026-02-10 08:00:00,Books,281.80721844555853,44,Debit Card
TXN_1489,CUST_221,2026-02-17 21:00:00,Home & Kitchen,8.856101583120775,34,PayPal
TXN_1427,CUST_197,2026-05-21 05:00:00,Electronics,110.07828900880024,37,PayPal
TXN_1189,CUST_297,2026-03-23 18:00:00,Electronics,292.3942941906513,64,Credit Card
TXN_1336,CUST_214,2026-02-20 14:00:00,Electronics,8.364119619594248,46,PayPal
TXN_1384,CUST_124,2026-04-30 19:00:00,Home & Kitchen,115.43670665176468,51,Credit Card
TXN_2132,CUST_222,2026-03-15 06:00:00,Home & Kitchen,129.07155135733515,34,Credit Card
TXN_2109,CUST_216,2026-05-07 05:00:00,Electronics,124.72264852330473,30,Credit Card
TXN_1464,CUST_267,2026-01-10 13:00:00,Home & Kitchen,207.7237694584203,68,Credit Card
TXN_1879,CUST_128,2026-01-27 15:00:00,Home & Kitchen,253.9887738331252,55,Credit Card
TXN_1115,CUST_132,2026-04-24 09:00:00,Home & Kitchen,41.23727596144255,44,Debit Card
TXN_1256,CUST_246,2026-04-27 03:00:00,Home & Kitchen,122.09638022192286,44,Cash
TXN_2171,CUST_114,2026-01-28 04:00:00,Clothing,39.36706436574352,21,Debit Card
TXN_1568,CUST_194,2026-05-27 05:00:00,Home & Kitchen,177.25873929366725,41,Debit Card
TXN_1569,CUST_145,2026-03-08 04:00:00,Electronics,311.54895204659607,24,PayPal
TXN_2110,UNKNOWN,2026-05-25 15:00:00,Beauty,66.54855613377865,54,Cash
TXN_1304,CUST_265,2026-05-11 12:00:00,Clothing,132.11224383613862,58,Debit Card
TXN_2102,CUST_194,2026-02-27 04:00:00,Home & Kitchen,141.84947474349153,63,Debit Card
TXN_1510,CUST_278,2026-06-01 14:00:00,Home & Kitchen,115.43670665176468,51,Cash
TXN_2186,CUST_165,2026-01-04 00:00:00,Electronics,109.52593558990988,26,Cash
TXN_2048,CUST_161,2026-02-02 00:00:00,Beauty,215.6425110469368,47,PayPal
TXN_1418,CUST_272,2026-03-13 22:00:00,Clothing,170.59633733138406,63,PayPal
TXN_2069,CUST_241,2026-02-25 00:00:00,Clothing,320.0720398347425,41,PayPal
TXN_1347,CUST_120,2026-02-16 06:00:00,Clothing,132.11224383613862,53,PayPal
TXN_1726,CUST_160,2026-02-21 05:00:00,Home & Kitchen,115.43670665176468,38,PayPal
TXN_1524,CUST_132,2026-04-19 21:00:00,Books,127.94151922387223,63,Credit Card
TXN_1868,CUST_190,2026-01-15 03:00:00,Beauty,58.26073483225741,51,Debit Card
TXN_1859,CUST_202,2026-05-06 16:00:00,Electronics,119.26541172918888,35,Credit Card
TXN_2036,CUST_135,2026-01-18 21:00:00,Beauty,132.96277905554166,43,Credit Card
TXN_1872,CUST_265,2026-04-26 02:00:00,Beauty,92.225080391019,40,Credit Card
TXN_1678,CUST_208,2026-01-21 10:00:00,Clothing,192.63698509016396,65,Debit Card
TXN_1236,CUST_137,2026-05-24 21:00:00,Home & Kitchen,173.30157376348183,35,Credit Card
TXN_1033,CUST_269,2026-04-27 01:00:00,Home & Kitchen,24.464847912616847,27,Debit Card
TXN_1467,CUST_112,2026-01-28 02:00:00,Beauty,209.7899374962528,51,Not Specified
TXN_1429,CUST_131,2026-04-23 07:00:00,Beauty,119.21241530796937,22,Not Specified
TXN_2037,CUST_251,2026-02-02 16:00:00,Home & Kitchen,9.438594504604993,40,PayPal
TXN_1904,CUST_203,2026-03-03 17:00:00,Home & Kitchen,20.62027731606166,40,PayPal
TXN_1162,CUST_185,2026-05-08 13:00:00,Beauty,207.68559259819187,33,Debit Card
TXN_1468,CUST_213,2026-03-25 05:00:00,Books,83.2188307335619,44,Debit Card
TXN_1031,CUST_148,2026-05-11 02:00:00,Books,206.14785157261443,21,Credit Card
TXN_1664,CUST_240,2026-05-21 03:00:00,Books,154.8804620178064,69,PayPal
TXN_1132,CUST_134,2026-02-08 16:00:00,Beauty,153.74240594006966,56,Debit Card
TXN_1829,CUST_289,2026-01-03 18:00:00,Beauty,106.47018514857469,28,Cash
TXN_1534,CUST_285,2026-05-09 23:00:00,Books,86.09922543818374,66,Not Specified
TXN_2081,CUST_109,2026-01-06 11:00:00,Clothing,157.51824625187743,47,Debit Card
TXN_1400,CUST_116,2026-01-06 11:00:00,Home & Kitchen,135.27332193149687,44,Cash
TXN_1470,CUST_205,2026-04-03 05:00:00,Home & Kitchen,120.25181815250612,20,Cash
TXN_1030,CUST_188,2026-05-05 19:00:00,Books,55.586259860569896,42,Cash
TXN_1307,CUST_211,2026-05-09 22:00:00,Electronics,121.55049901584202,37,Cash
TXN_2082,CUST_104,2026-04-14 03:00:00,Beauty,80.64344761044136,44,Cash
TXN_1295,CUST_153,2026-01-08 23:00:00,Home & Kitchen,173.50721044369746,63,Credit Card
TXN_1049,CUST_266,2026-04-09 20:00:00,Electronics,46.97512645627896,40,Credit Card
TXN_1114,CUST_262,2026-05-02 22:00:00,Home & Kitchen,136.75760669182182,31,Credit Card
TXN_2066,CUST_146,2026-01-26 15:00:00,Electronics,225.2406632752083,51,Debit Card
TXN_1195,CUST_150,2026-04-27 03:00:00,Home & Kitchen,97.3425568843814,20,Credit Card
TXN_1791,CUST_217,2026-03-28 09:00:00,Electronics,60.90420013363498,47,PayPal
TXN_1147,CUST_278,2026-04-07 23:00:00,Books,79.01006074586451,45,PayPal
TXN_1929,CUST_111,2026-01-20 08:00:00,Beauty,184.25237940912177,42,Cash
TXN_1036,CUST_289,2026-03-09 12:00:00,Home & Kitchen,115.43670665176468,59,Debit Card
TXN_1692,CUST_266,2026-04-26 23:00:00,Books,105.26833474534384,55,Cash
TXN_1128,CUST_136,2026-02-01 18:00:00,Electronics,119.35094387105998,54,Credit Card
TXN_1488,CUST_157,2026-04-14 10:00:00,Beauty,146.148432048835,68,Debit Card
TXN_1209,CUST_229,2026-03-31 15:00:00,Beauty,42.98791904648189,39,Cash
TXN_1832,CUST_131,2026-05-21 22:00:00,Home & Kitchen,175.70582896642588,19,Credit Card
TXN_1185,CUST_220,2026-01-03 23:00:00,Electronics,170.12909098104566,58,Cash
TXN_1629,CUST_227,2026-04-15 11:00:00,Clothing,92.32645367622636,24,Cash
TXN_1730,CUST_217,2026-03-25 19:00:00,Beauty,202.35524447416324,64,Cash
TXN_1373,CUST_280,2026-05-11 09:00:00,Electronics,67.70566874900649,55,PayPal
TXN_1367,UNKNOWN,2026-03-25 16:00:00,Beauty,169.5791027762295,25,Debit Card
TXN_1137,CUST_100,2026-02-15 07:00:00,Beauty,224.93547594181288,45,Credit Card
TXN_1693,CUST_190,2026-01-29 10:00:00,Books,29.585701641225327,64,PayPal
TXN_1927,CUST_100,2026-01-22 10:00:00,Books,131.94735288479043,57,Debit Card
TXN_1714,CUST_212,2026-05-17 22:00:00,Electronics,137.49274454058383,25,PayPal
TXN_1303,CUST_263,2026-01-07 15:00:00,Home & Kitchen,183.73615416565937,56,Debit Card
TXN_1218,CUST_101,2026-02-04 13:00:00,Clothing,37.03471411440032,66,Cash
TXN_1060,CUST_191,2026-04-03 04:00:00,Home & Kitchen,8.970515963535846,46,Not Specified
TXN_1313,CUST_209,2026-01-19 08:00:00,Beauty,132.96277905554166,40,Cash
TXN_2165,CUST_166,2026-03-24 03:00:00,Beauty,189.1859550792809,51,Credit Card
TXN_1179,CUST_191,2026-04-13 20:00:00,Electronics,249.3040034177533,33,Cash
TXN_2145,CUST_113,2026-05-14 23:00:00,Clothing,261.32094402621067,47,Debit Card
TXN_1789,CUST_218,2026-02-27 12:00:00,Clothing,29.293571455491676,43,Credit Card
TXN_1641,CUST_152,2026-04-10 17:00:00,Books,123.68633773065211,24,Credit Card
TXN_1380,CUST_260,2026-04-10 17:00:00,Electronics,124.72264852330473,44,Debit Card
TXN_1125,CUST_147,2026-02-28 13:00:00,Clothing,135.69927525333765,44,Debit Card
TXN_1614,CUST_183,2026-01-31 16:00:00,Books,40.51283875247711,19,PayPal
TXN_1853,CUST_250,2026-05-07 23:00:00,Clothing,163.22303552285564,61,Debit Card
TXN_1139,CUST_241,2026-03-27 21:00:00,Home & Kitchen,99.70591379660952,36,PayPal
TXN_2057,CUST_232,2026-05-08 23:00:00,Home & Kitchen,70.83689730471241,22,Cash
TXN_1734,CUST_284,2026-02-15 04:00:00,Clothing,93.5380083181558,44,Credit Card
TXN_1729,CUST_179,2026-04-24 04:00:00,Beauty,85.70763784667733,44,Cash
TXN_1460,CUST_193,2026-04-24 04:00:00,Home & Kitchen,84.1165730777711,23,Debit Card
TXN_2151,CUST_122,2026-01-27 19:00:00,Electronics,93.91900033465208,59,PayPal
TXN_1184,CUST_289,2026-01-04 13:00:00,Clothing,100.11073169866582,45,PayPal
TXN_1702,CUST_157,2026-02-26 11:00:00,Clothing,58.71033355114633,54,PayPal
TXN_1290,UNKNOWN,2026-01-06 06:00:00,Home & Kitchen,0.2193883857084415,45,Debit Card
TXN_1495,CUST_147,2026-01-19 09:00:00,Books,37.61505211665239,61,Credit Card
TXN_1739,CUST_242,2026-01-03 05:00:00,Books,186.17888861259385,44,Cash
TXN_1677,CUST_235,2026-03-06 03:00:00,Books,87.40319141667187,59,Cash
TXN_2133,CUST_177,2026-05-12 22:00:00,Clothing,156.71952013394326,45,Not Specified
TXN_1766,CUST_200,2026-03-27 21:00:00,Electronics,35.51753600266659,51,Credit Card
TXN_2065,CUST_239,2026-01-29 20:00:00,Books,60.06626187174065,46,PayPal
TXN_1959,CUST_127,2026-03-26 14:00:00,Beauty,172.4713710230066,58,Cash
TXN_1990,CUST_167,2026-04-24 10:00:00,Home & Kitchen,69.70765559403438,22,Credit Card
TXN_1028,CUST_157,2026-03-06 13:00:00,Books,188.53619841940449,67,Debit Card
TXN_1765,CUST_127,2026-03-25 23:00:00,Beauty,160.49261243685697,59,Debit Card
TXN_1515,CUST_146,2026-05-14 03:00:00,Books,190.96638211570297,39,PayPal
TXN_1323,CUST_241,2026-01-25 02:00:00,Books,106.37934025632757,65,Cash
TXN_1945,CUST_147,2026-03-05 23:00:00,Electronics,78.11392092747337,50,PayPal
TXN_1320,CUST_260,2026-03-05 23:00:00,Electronics,178.4767181100973,56,Cash
TXN_1820,CUST_182,2026-03-05 23:00:00,Home & Kitchen,22.648263172786628,23,PayPal
TXN_1596,CUST_198,2026-02-03 12:00:00,Electronics,93.18047345055786,33,Cash
TXN_1795,CUST_110,2026-05-25 21:00:00,Home & Kitchen,57.678446278401154,36,Debit Card
TXN_2188,CUST_104,2026-05-30 21:00:00,Books,49.932607480391184,44,Debit Card
TXN_1625,CUST_175,2026-01-08 17:00:00,Home & Kitchen,63.53812135237079,32,PayPal
TXN_1300,CUST_174,2026-04-14 17:00:00,Home & Kitchen,25.35550522124888,60,Debit Card
TXN_1379,CUST_259,2026-05-01 18:00:00,Beauty,162.47805295712723,44,Credit Card
TXN_2104,CUST_168,2026-03-03 06:00:00,Books,119.7771111466479,44,Debit Card
TXN_1583,CUST_157,2026-02-05 04:00:00,Clothing,105.0656830149244,69,Not Specified
TXN_1689,CUST_288,2026-05-11 14:00:00,Books,119.13062903720224,69,Credit Card
TXN_1545,CUST_183,2026-03-05 20:00:00,Electronics,124.72264852330473,56,Credit Card
TXN_1024,CUST_291,2026-01-10 01:00:00,Books,151.63367883104306,44,Credit Card
TXN_1543,UNKNOWN,2026-05-25 04:00:00,Beauty,108.6776290129722,50,PayPal
TXN_1182,CUST_220,2026-01-20 16:00:00,Home & Kitchen,115.43670665176468,26,Not Specified
TXN_1893,CUST_142,2026-03-24 18:00:00,Beauty,98.01237594641664,19,Cash
TXN_2158,CUST_203,2026-05-29 18:00:00,Books,257.27261049061553,66,Debit Card
TXN_1337,CUST_218,2026-03-23 10:00:00,Books,63.36712474607397,23,Cash
TXN_1127,CUST_161,2026-01-22 19:00:00,Clothing,132.11224383613862,58,Credit Card
TXN_2139,CUST_188,2026-03-04 21:00:00,Books,137.64668301898885,50,Debit Card
TXN_1072,CUST_231,2026-05-19 20:00:00,Books,102.49069986114996,18,Credit Card
TXN_1621,CUST_199,2026-02-22 23:00:00,Books,160.40168706190136,26,PayPal
TXN_1682,CUST_170,2026-02-13 14:00:00,Electronics,179.72890916817258,25,Not Specified
TXN_1284,CUST_239,2026-05-05 08:00:00,Books,208.31468373615257,23,Credit Card
TXN_2003,CUST_141,2026-03-26 15:00:00,Books,129.98016797311476,57,Credit Card
TXN_1500,CUST_288,2026-03-26 15:00:00,Clothing,44.84294064112139,50,Credit Card
TXN_1595,CUST_276,2026-01-03 13:00:00,Clothing,203.75294355905115,44,Debit Card
TXN_1257,CUST_247,2026-05-07 09:00:00,Electronics,95.7148539787268,32,PayPal
TXN_1395,CUST_250,2026-01-11 13:00:00,Clothing,53.91104066283663,44,PayPal
TXN_1814,CUST_201,2026-05-09 02:00:00,Books,68.71349867693156,42,Cash
TXN_1597,CUST_135,2026-03-02 18:00:00,Electronics,12.714822935874508,33,Cash
TXN_2194,CUST_240,2026-01-12 07:00:00,Home & Kitchen,115.617731172894,23,PayPal
TXN_1946,CUST_160,2026-01-22 03:00:00,Home & Kitchen,58.86505706897229,50,PayPal
TXN_2162,CUST_278,2026-04-10 22:00:00,Books,55.128485103980026,20,Cash
TXN_1628,CUST_127,2026-04-08 10:00:00,Books,127.94151922387223,67,Debit Card
TXN_1100,CUST_114,2026-04-08 10:00:00,Electronics,188.19749147463605,68,Debit Card
TXN_1090,CUST_139,2026-03-28 23:00:00,Electronics,39.55188994484274,33,Credit Card
TXN_1355,CUST_147,2026-05-22 03:00:00,Home & Kitchen,105.29168854726322,63,Debit Card
TXN_1012,CUST_216,2026-05-23 21:00:00,Beauty,8.44039449125907,49,Debit Card
TXN_1650,CUST_266,2026-01-13 04:00:00,Home & Kitchen,253.8691156922019,42,Cash
TXN_1548,CUST_277,2026-02-16 11:00:00,Beauty,126.12872563613276,64,Debit Card
TXN_1025,CUST_287,2026-01-25 21:00:00,Home & Kitchen,43.394483598783054,44,Debit Card
TXN_1782,CUST_252,2026-04-09 16:00:00,Electronics,185.5498614511525,28,Cash
TXN_1034,CUST_287,2026-05-16 20:00:00,Beauty,43.297723505058016,52,Cash
TXN_1607,CUST_122,2026-04-30 22:00:00,Electronics,124.72264852330473,36,Debit Card
TXN_1942,CUST_193,2026-01-10 20:00:00,Clothing,103.57727844029988,56,Credit Card
TXN_1118,CUST_140,2026-01-02 21:00:00,Beauty,104.93909319309547,23,Credit Card
TXN_1754,CUST_255,2026-05-14 03:00:00,Clothing,262.7820031348076,27,PayPal
TXN_1858,CUST_278,2026-05-02 06:00:00,Clothing,135.87148137419894,29,Debit Card
TXN_1421,CUST_107,2026-01-06 07:00:00,Electronics,248.76165326207783,56,Cash
TXN_1912,CUST_192,2026-01-14 22:00:00,Home & Kitchen,168.69884712995335,66,Cash
TXN_1330,CUST_294,2026-01-05 10:00:00,Books,158.8947833249551,56,PayPal
TXN_1353,CUST_296,2026-02-26 20:00:00,Clothing,97.63940293627732,36,Debit Card
TXN_1018,CUST_152,2026-05-14 02:00:00,Clothing,117.28598192576727,18,PayPal
TXN_1812,CUST_194,2026-02-15 13:00:00,Clothing,57.930014146681295,43,Debit Card
TXN_1647,CUST_280,2026-05-18 14:00:00,Books,7.660834699072893,64,Cash
TXN_1716,CUST_155,2026-04-06 19:00:00,Electronics,103.94885609396545,46,Cash
TXN_2000,CUST_267,2026-04-06 19:00:00,Beauty,143.48300239749125,68,Credit Card
TXN_1880,CUST_231,2026-04-06 19:00:00,Beauty,98.01581561978496,56,Credit Card
TXN_1291,CUST_147,2026-01-23 17:00:00,Books,222.4751661333382,44,Cash
TXN_1622,CUST_239,2026-03-20 21:00:00,Home & Kitchen,126.7614780652262,30,Not Specified
TXN_2181,CUST_254,2026-03-16 20:00:00,Electronics,245.45459436218607,33,Debit Card
TXN_1573,CUST_189,2026-04-03 21:00:00,Home & Kitchen,150.65345518071203,44,Debit Card
TXN_1926,CUST_169,2026-03-15 05:00:00,Electronics,128.22868623458672,31,PayPal
TXN_1333,CUST_132,2026-01-30 15:00:00,Electronics,179.13443957612543,34,Cash
TXN_1249,CUST_102,2026-02-26 04:00:00,Home & Kitchen,116.96855346265352,34,Debit Card
TXN_2108,CUST_177,2026-04-02 08:00:00,Beauty,41.60595401742045,26,Debit Card
TXN_1752,CUST_201,2026-02-24 05:00:00,Home & Kitchen,78.88794986809255,26,Debit Card
TXN_1523,CUST_199,2026-02-18 12:00:00,Beauty,311.3687708219194,50,Credit Card
TXN_1006,CUST_288,2026-04-24 12:00:00,Beauty,223.59884678535647,34,Credit Card
TXN_1932,CUST_133,2026-04-21 01:00:00,Beauty,132.96277905554166,55,Debit Card
TXN_1849,CUST_156,2026-04-21 20:00:00,Clothing,99.175276698285,31,Cash
TXN_1874,CUST_129,2026-01-14 01:00:00,Electronics,35.693160370852354,66,Credit Card
TXN_1457,CUST_105,2026-03-23 04:00:00,Clothing,233.1349830664872,36,Debit Card
TXN_2012,CUST_158,2026-03-02 19:00:00,Electronics,81.41491432509576,28,PayPal
TXN_2122,CUST_171,2026-03-21 16:00:00,Beauty,214.8916379233839,24,Credit Card
TXN_1824,CUST_209,2026-02-26 21:00:00,Books,245.8987373244085,44,PayPal
TXN_2173,CUST_256,2026-02-20 20:00:00,Beauty,138.52859793344734,58,Debit Card
TXN_1954,CUST_279,2026-03-14 12:00:00,Beauty,122.712217894587,44,Debit Card
TXN_1776,UNKNOWN,2026-01-09 21:00:00,Clothing,180.06982235210657,30,PayPal
TXN_2014,CUST_297,2026-02-24 13:00:00,Electronics,276.786980379574,35,Credit Card
TXN_1779,CUST_214,2026-03-08 19:00:00,Electronics,118.93562916970916,50,Cash
TXN_1626,CUST_108,2026-01-12 22:00:00,Beauty,132.96277905554166,68,Cash
TXN_1949,CUST_135,2026-04-23 12:00:00,Home & Kitchen,171.5676345932141,44,PayPal
TXN_1085,CUST_194,2026-01-10 17:00:00,Electronics,187.14792913852816,18,Debit Card
TXN_1056,CUST_189,2026-04-11 06:00:00,Home & Kitchen,159.7120094187153,59,PayPal
TXN_1269,CUST_284,2026-03-15 01:00:00,Beauty,196.62717048866145,37,PayPal
TXN_1037,CUST_289,2026-01-12 12:00:00,Books,153.0399129710238,30,Debit Card
TXN_1260,CUST_151,2026-01-12 12:00:00,Electronics,136.8480671438113,45,PayPal
TXN_1804,CUST_197,2026-05-13 20:00:00,Electronics,223.26067392979425,66,Cash
TXN_1975,CUST_214,2026-05-18 17:00:00,Home & Kitchen,69.34148826280183,52,Debit Card
TXN_1121,CUST_171,2026-02-01 01:00:00,Clothing,193.51318837266635,50,PayPal
TXN_1360,CUST_148,2026-05-14 22:00:00,Books,126.760411655429,61,PayPal
TXN_1559,CUST_164,2026-05-23 10:00:00,Books,21.239040126208323,58,Debit Card
TXN_1598,CUST_195,2026-05-03 05:00:00,Home & Kitchen,179.49214204321385,52,Cash
TXN_1007,CUST_120,2026-03-07 08:00:00,Home & Kitchen,163.53762818722777,26,PayPal
TXN_1077,CUST_103,2026-02-11 20:00:00,Beauty,72.18658533961144,45,PayPal
TXN_1757,CUST_221,2026-01-17 10:00:00,Clothing,45.696633483803296,30,Credit Card
TXN_1050,CUST_117,2026-03-14 13:00:00,Books,86.60556944084541,24,Credit Card
TXN_1122,CUST_111,2026-01-11 09:00:00,Clothing,83.22745821816025,58,Cash
TXN_1567,CUST_111,2026-04-06 07:00:00,Beauty,163.0747965773162,48,Credit Card
TXN_1140,CUST_202,2026-04-06 07:00:00,Beauty,92.38682356401628,55,Debit Card
TXN_1074,CUST_233,2026-04-27 03:00:00,Books,36.784502414728166,44,Debit Card
TXN_1287,CUST_259,2026-05-11 07:00:00,Beauty,87.44918043965002,41,Debit Card
TXN_1237,CUST_123,2026-04-16 12:00:00,Clothing,166.23828189116458,40,Debit Card
TXN_1570,CUST_229,2026-01-13 14:00:00,Beauty,294.807591602889,43,PayPal
TXN_1646,CUST_208,2026-03-01 23:00:00,Beauty,116.80844929986304,68,Credit Card
TXN_1826,CUST_150,2026-02-26 09:00:00,Beauty,0.3072949468280228,28,Cash
TXN_1055,CUST_108,2026-02-09 16:00:00,Electronics,205.9466403816195,21,Debit Card
TXN_1365,CUST_216,2026-03-13 02:00:00,Home & Kitchen,25.093085831211653,21,Credit Card
TXN_1651,CUST_241,2026-01-24 11:00:00,Home & Kitchen,72.84380800490253,58,Debit Card
TXN_1665,CUST_267,2026-01-31 01:00:00,Beauty,187.507160771339,38,Credit Card
TXN_1374,CUST_194,2026-01-19 08:00:00,Home & Kitchen,55.48984567055601,38,Debit Card
TXN_1938,CUST_125,2026-04-06 15:00:00,Books,51.87680161765449,24,Debit Card
TXN_1699,CUST_272,2026-05-14 06:00:00,Beauty,197.88977995422772,40,Not Specified
TXN_2150,CUST_196,2026-05-05 05:00:00,Beauty,106.5292062021718,44,Debit Card
TXN_1902,CUST_107,2026-03-10 21:00:00,Books,80.8891104765047,29,Cash
TXN_2006,CUST_105,2026-04-19 14:00:00,Home & Kitchen,90.13052599975325,50,Not Specified
TXN_2031,CUST_154,2026-02-15 19:00:00,Beauty,67.86599022748675,53,PayPal
TXN_1061,CUST_210,2026-04-26 02:00:00,Books,181.1088281306738,27,Cash
TXN_1454,CUST_104,2026-05-26 01:00:00,Books,253.0986265714779,19,PayPal
TXN_1135,CUST_274,2026-05-21 20:00:00,Books,194.998199400554,57,Debit Card
TXN_1103,UNKNOWN,2026-01-05 04:00:00,Clothing,121.13194119726066,24,Not Specified
TXN_1844,CUST_149,2026-02-01 01:00:00,Home & Kitchen,98.20719867170504,41,PayPal
TXN_1325,CUST_147,2026-01-25 19:00:00,Clothing,88.00974090653028,49,Debit Card
TXN_1951,CUST_107,2026-02-18 08:00:00,Books,127.94151922387223,31,Credit Card
TXN_1943,CUST_206,2026-03-20 21:00:00,Clothing,209.4839955404261,52,Not Specified
TXN_1319,CUST_268,2026-01-21 12:00:00,Home & Kitchen,95.55115086769572,45,Debit Card
TXN_1847,CUST_153,2026-01-17 03:00:00,Electronics,135.07806088144824,23,Debit Card
TXN_1175,CUST_129,2026-01-20 09:00:00,Clothing,130.28939603239732,45,Debit Card
TXN_1352,CUST_291,2026-01-21 02:00:00,Beauty,170.20850380494647,44,Debit Card
TXN_1531,CUST_279,2026-01-21 11:00:00,Home & Kitchen,369.03281608350727,31,Debit Card
TXN_1439,CUST_157,2026-02-10 16:00:00,Electronics,194.259655307546,34,PayPal
TXN_1683,CUST_144,2026-02-22 09:00:00,Electronics,146.0462253429656,28,Debit Card
TXN_1274,CUST_198,2026-02-07 09:00:00,Books,161.50969443520978,27,Credit Card
TXN_1479,CUST_282,2026-05-07 22:00:00,Electronics,203.2049455922061,32,Cash
TXN_1555,UNKNOWN,2026-04-25 18:00:00,Electronics,124.72264852330473,24,Debit Card
TXN_1410,CUST_149,2026-01-21 18:00:00,Books,12.794234310085216,61,Credit Card
TXN_1068,CUST_180,2026-02-27 23:00:00,Home & Kitchen,179.39671308740964,68,Not Specified
TXN_1903,CUST_231,2026-04-30 00:00:00,Clothing,247.11522627552665,37,Debit Card
TXN_1841,CUST_217,2026-02-23 20:00:00,Home & Kitchen,51.86702605324854,32,Debit Card
TXN_1111,CUST_180,2026-02-18 03:00:00,Home & Kitchen,265.64351263534525,32,Credit Card
TXN_1246,CUST_286,2026-05-23 15:00:00,Clothing,152.77088949471948,65,Credit Card
TXN_1867,CUST_178,2026-03-06 16:00:00,Beauty,215.4648804741701,41,Cash
TXN_1201,CUST_195,2026-02-26 21:00:00,Books,253.22815340988248,34,Cash
TXN_2044,CUST_217,2026-04-28 14:00:00,Books,130.84507331317673,55,Cash
TXN_1501,CUST_291,2026-04-26 23:00:00,Electronics,209.53959340512768,27,Cash
TXN_1643,CUST_243,2026-05-21 18:00:00,Home & Kitchen,126.48660343206588,56,Debit Card
TXN_1601,CUST_289,2026-05-04 15:00:00,Books,248.60626451196083,52,Debit Card
TXN_1544,CUST_259,2026-04-28 18:00:00,Beauty,247.86574461128265,33,Debit Card
TXN_1586,CUST_256,2026-05-16 04:00:00,Beauty,132.96277905554166,35,Debit Card
TXN_1065,CUST_107,2026-05-10 20:00:00,Electronics,195.6169227689187,36,Debit Card
TXN_1042,CUST_154,2026-05-10 22:00:00,Beauty,172.6210540920299,31,PayPal
TXN_1576,CUST_253,2026-03-05 20:00:00,Home & Kitchen,106.36913876894432,46,Cash
TXN_1518,CUST_296,2026-02-28 14:00:00,Clothing,165.1873886880098,40,Cash
TXN_1807,CUST_228,2026-05-23 17:00:00,Clothing,175.9135748064631,18,Debit Card
TXN_1016,CUST_230,2026-03-23 12:00:00,Clothing,52.38768332590729,37,Credit Card
TXN_1661,CUST_244,2026-05-26 13:00:00,Beauty,118.85837176404893,65,Credit Card
TXN_1449,CUST_200,2026-04-19 11:00:00,Home & Kitchen,136.9117253976527,33,PayPal
TXN_1471,CUST_257,2026-05-11 15:00:00,Clothing,218.39922947509464,64,Credit Card
TXN_1636,CUST_198,2026-05-14 04:00:00,Clothing,139.86601140127058,65,PayPal
TXN_1864,CUST_197,2026-03-04 16:00:00,Electronics,76.89913301231235,66,Debit Card
TXN_2060,CUST_217,2026-03-04 16:00:00,Beauty,209.4905867323369,62,Credit Card
TXN_1126,CUST_250,2026-05-04 17:00:00,Home & Kitchen,163.66293708258843,56,Not Specified
TXN_1174,CUST_183,2026-04-21 03:00:00,Clothing,185.1184688158193,44,Credit Card
TXN_1719,CUST_216,2026-01-17 11:00:00,Books,127.94151922387223,66,PayPal
TXN_1925,CUST_248,2026-01-02 23:00:00,Books,132.93588213638023,37,Cash
TXN_1432,CUST_150,2026-03-31 06:00:00,Electronics,173.67289986215002,44,Not Specified
TXN_1212,CUST_200,2026-02-19 02:00:00,Books,188.9149220506244,32,PayPal
TXN_1860,CUST_265,2026-02-19 02:00:00,Beauty,78.57940422222242,26,PayPal
TXN_1969,CUST_102,2026-02-12 15:00:00,Clothing,70.96133829834484,21,Debit Card
TXN_1048,CUST_172,2026-03-24 08:00:00,Clothing,105.76656993564816,54,Cash
TXN_2046,CUST_193,2026-03-13 10:00:00,Home & Kitchen,171.0084649784967,53,PayPal
TXN_1482,CUST_161,2026-04-09 12:00:00,Home & Kitchen,89.14618952177214,31,PayPal
TXN_2189,CUST_222,2026-04-03 13:00:00,Beauty,55.53602760926363,50,PayPal
TXN_1151,CUST_195,2026-04-18 14:00:00,Clothing,132.11224383613862,19,PayPal
TXN_1914,CUST_277,2026-05-28 23:00:00,Books,73.08678808889812,33,PayPal
TXN_1327,CUST_227,2026-01-09 19:00:00,Electronics,141.14146173165094,44,Credit Card
TXN_1241,CUST_297,2026-03-23 10:00:00,Clothing,81.27052043321459,47,Debit Card
TXN_1331,CUST_244,2026-04-18 11:00:00,Home & Kitchen,115.43670665176468,52,Cash
TXN_2084,CUST_237,2026-02-26 16:00:00,Clothing,42.178838659199926,44,PayPal
TXN_1846,CUST_292,2026-05-19 09:00:00,Home & Kitchen,55.59238551755929,47,Cash
TXN_1107,CUST_228,2026-02-07 14:00:00,Beauty,73.24357665196494,29,PayPal
TXN_1533,CUST_246,2026-03-09 18:00:00,Home & Kitchen,52.15475215755932,56,Cash
TXN_2073,CUST_225,2026-04-28 08:00:00,Books,196.19695764289355,53,Cash
TXN_1823,CUST_177,2026-03-03 08:00:00,Electronics,192.8334799748456,47,Debit Card
TXN_1138,CUST_104,2026-05-15 22:00:00,Home & Kitchen,32.62867252570135,44,PayPal
TXN_1298,CUST_251,2026-02-24 08:00:00,Clothing,132.11224383613862,28,PayPal
TXN_1062,CUST_287,2026-01-07 21:00:00,Home & Kitchen,115.75145586424716,38,Debit Card
TXN_1564,CUST_143,2026-03-13 19:00:00,Electronics,21.109136317563014,41,PayPal
TXN_1818,CUST_152,2026-01-04 02:00:00,Electronics,249.50301117286944,25,Credit Card
TXN_1964,CUST_113,2026-02-12 08:00:00,Home & Kitchen,65.1160194371856,64,Cash
TXN_1231,CUST_167,2026-02-05 20:00:00,Electronics,221.8056130342856,53,Cash
TXN_1563,CUST_142,2026-02-17 08:00:00,Electronics,121.16071994101232,47,Not Specified
TXN_2116,CUST_139,2026-02-23 15:00:00,Beauty,251.48332072964237,57,Credit Card
TXN_1509,CUST_243,2026-02-20 17:00:00,Clothing,10.093214008107196,40,Cash
TXN_1098,CUST_140,2026-02-27 13:00:00,Electronics,183.3487448310454,34,Cash
TXN_1063,CUST_298,2026-01-14 06:00:00,Beauty,75.92145571694005,33,Credit Card
TXN_1635,CUST_168,2026-02-19 07:00:00,Beauty,160.13480361350304,68,Debit Card
TXN_1965,CUST_286,2026-02-08 16:00:00,Home & Kitchen,70.62302026816307,52,Cash
TXN_1934,CUST_177,2026-05-30 02:00:00,Books,24.97878080659785,57,Debit Card
TXN_2009,CUST_163,2026-03-10 00:00:00,Clothing,250.9391969464512,68,PayPal
TXN_1399,CUST_229,2026-04-11 02:00:00,Home & Kitchen,115.43670665176468,45,Cash
TXN_2113,CUST_175,2026-03-03 09:00:00,Clothing,121.25457891772994,26,Credit Card
TXN_1459,CUST_215,2026-03-25 16:00:00,Books,79.90127137678299,54,Debit Card
TXN_2195,CUST_258,2026-04-28 19:00:00,Clothing,46.20696121248373,45,PayPal
TXN_1885,CUST_116,2026-03-30 19:00:00,Home & Kitchen,150.03646861018024,32,PayPal
TXN_1610,UNKNOWN,2026-03-06 16:00:00,Electronics,123.30299644699517,66,Debit Card
TXN_1924,CUST_121,2026-03-30 02:00:00,Books,127.94151922387223,18,Cash
TXN_1497,CUST_216,2026-05-06 10:00:00,Beauty,144.7237954426123,44,Debit Card
TXN_1669,CUST_126,2026-04-10 12:00:00,Electronics,124.01821593325444,68,Cash
TXN_1968,CUST_106,2026-04-20 04:00:00,Electronics,175.03463776411425,46,Credit Card
TXN_1809,CUST_154,2026-05-16 08:00:00,Books,182.6686968419225,65,Debit Card
TXN_1670,CUST_221,2026-03-28 12:00:00,Electronics,158.3606038401287,67,Not Specified
TXN_2119,CUST_159,2026-05-10 11:00:00,Clothing,62.08282156257701,57,Debit Card
TXN_1720,CUST_233,2026-04-16 09:00:00,Home & Kitchen,90.48484487748304,67,Credit Card
TXN_1780,CUST_296,2026-05-28 20:00:00,Electronics,72.01423813441205,62,PayPal
TXN_1225,CUST_229,2026-08-02 17:00:00,Books,139.4473382128559,51,Cash
TXN_1346,CUST_126,2026-03-07 02:00:00,Beauty,172.75609928908892,49,Debit Card
TXN_1106,CUST_187,2026-03-05 09:00:00,Clothing,184.7135415514176,43,Debit Card
TXN_1798,UNKNOWN,2026-05-19 23:00:00,Home & Kitchen,215.28686838187812,58,Credit Card
TXN_1836,CUST_171,2026-05-06 15:00:00,Beauty,188.63190602330744,45,Cash
TXN_1009,CUST_221,2026-03-16 02:00:00,Books,161.12500419398208,62,PayPal
TXN_1180,CUST_289,2026-07-02 13:00:00,Clothing,8.581162226640288,44,Cash
TXN_1631,CUST_182,2026-04-03 17:00:00,Electronics,30.25991177152896,57,Credit Card
TXN_1420,CUST_164,2026-05-25 11:00:00,Clothing,58.25824340857,52,Debit Card
TXN_1306,CUST_183,2026-04-17 07:00:00,Beauty,171.64701697393548,24,Cash
TXN_1408,CUST_125,2026-01-26 19:00:00,Books,71.35950856501411,55,Not Specified
TXN_2096,CUST_108,2026-04-06 10:00:00,Electronics,70.03916359291381,56,PayPal
TXN_1605,CUST_282,2026-02-08 02:00:00,Beauty,102.4264438119232,35,PayPal
TXN_1901,CUST_243,2026-02-26 13:00:00,Beauty,95.70991416815993,23,PayPal
TXN_1740,CUST_258,2026-02-26 13:00:00,Beauty,212.78719731106756,24,Debit Card
TXN_1171,CUST_127,2026-03-16 15:00:00,Beauty,22.374344804481936,29,Debit Card
TXN_1725,CUST_272,2026-03-06 16:00:00,Home & Kitchen,116.69658503941736,69,PayPal
TXN_1204,CUST_161,2026-01-04 19:00:00,Clothing,172.18449212881842,25,Credit Card
TXN_1390,CUST_123,2026-05-05 13:00:00,Beauty,189.65973156707224,44,Debit Card
TXN_1640,CUST_222,2026-05-05 13:00:00,Beauty,37.60221801784513,34,PayPal
TXN_1801,UNKNOWN,2026-05-27 12:00:00,Electronics,76.16757566344519,43,Not Specified
TXN_1446,CUST_114,2026-02-14 00:00:00,Electronics,186.16923428526144,32,Credit Card
TXN_1417,CUST_135,2026-04-15 00:00:00,Electronics,158.02924885536083,60,PayPal
TXN_1933,CUST_276,2026-02-22 01:00:00,Beauty,144.91926870382318,43,Credit Card
TXN_1971,CUST_250,2026-03-02 17:00:00,Electronics,214.7189954557512,68,Debit Card
TXN_1773,CUST_256,2026-04-11 02:00:00,Clothing,187.02644281835848,60,PayPal
TXN_1412,CUST_251,2026-05-12 22:00:00,Beauty,65.4895811944341,20,Debit Card
TXN_1768,CUST_291,2026-03-15 03:00:00,Clothing,144.6265898011108,19,PayPal
TXN_1008,CUST_202,2026-03-26 01:00:00,Electronics,187.66422980503427,37,PayPal
TXN_1857,UNKNOWN,2026-01-01 14:00:00,Books,136.82424321775963,61,Debit Card
TXN_2152,CUST_162,2026-05-20 10:00:00,Home & Kitchen,151.22929555163006,30,PayPal
TXN_1769,CUST_254,2026-04-11 09:00:00,Books,285.4580833204659,47,Cash
TXN_1366,CUST_105,2026-05-27 13:00:00,Home & Kitchen,167.0284710510188,34,Debit Card
TXN_1334,CUST_275,2026-01-21 23:00:00,Electronics,160.56162177082854,59,Debit Card
TXN_2163,CUST_297,2026-04-09 02:00:00,Clothing,149.34512346283535,44,Cash
TXN_1240,UNKNOWN,2026-04-17 19:00:00,Home & Kitchen,232.55477967134004,43,Cash
TXN_2155,CUST_244,2026-05-04 14:00:00,Home & Kitchen,115.43670665176468,59,Credit Card
TXN_2106,CUST_287,2026-04-09 04:00:00,Beauty,92.47488346366188,58,PayPal
TXN_1216,CUST_286,2026-02-20 20:00:00,Beauty,237.68277526536832,30,Credit Card
TXN_2184,CUST_295,2026-05-30 18:00:00,Books,105.91100528321098,66,Credit Card
TXN_1866,CUST_129,2026-04-19 22:00:00,Clothing,132.11224383613862,60,Credit Card
TXN_2024,CUST_193,2026-02-08 21:00:00,Electronics,87.11800507974615,37,Credit Card
TXN_1023,CUST_229,2026-01-20 17:00:00,Beauty,120.10605509875258,31,Debit Card
TXN_1551,CUST_132,2026-01-05 16:00:00,Clothing,283.3742328427785,31,Debit Card
TXN_1727,CUST_146,2026-02-26 14:00:00,Clothing,72.69721689584844,54,Credit Card
TXN_1774,CUST_240,2026-04-18 12:00:00,Clothing,132.11224383613862,34,Cash
TXN_1123,CUST_261,2026-01-15 16:00:00,Electronics,33.612604177481046,23,Credit Card
TXN_1483,CUST_122,2026-04-29 08:00:00,Electronics,154.76021168730446,23,Cash
TXN_1142,CUST_236,2026-01-02 20:00:00,Clothing,174.90828440116263,39,Cash
TXN_1792,CUST_164,2026-02-28 10:00:00,Electronics,124.72264852330473,45,Credit Card
TXN_1528,CUST_168,2026-02-20 16:00:00,Beauty,67.41019568042205,47,Cash
TXN_1660,CUST_285,2026-09-04 14:00:00,Beauty,98.10165982665914,69,PayPal
TXN_1108,CUST_235,2026-04-22 16:00:00,Clothing,60.0513848461778,24,Debit Card
TXN_1840,CUST_281,2026-01-22 20:00:00,Home & Kitchen,109.6772707896173,24,PayPal
TXN_1935,CUST_144,2026-05-14 14:00:00,Beauty,88.21413979589104,44,Credit Card
TXN_1493,CUST_225,2026-02-25 00:00:00,Home & Kitchen,160.24722948989975,69,Credit Card
TXN_1974,CUST_137,2026-03-23 15:00:00,Books,71.84444464518583,34,Debit Card
TXN_1228,CUST_259,2026-03-11 08:00:00,Beauty,104.73022243574562,44,Debit Card
TXN_1944,CUST_162,2026-02-17 20:00:00,Beauty,77.87746503231656,57,Cash
TXN_1281,CUST_101,2026-05-23 23:00:00,Electronics,33.10989606548722,35,PayPal
TXN_1318,CUST_288,2026-04-29 20:00:00,Beauty,340.41741949759216,56,Not Specified
TXN_1463,CUST_154,2026-02-20 10:00:00,Beauty,108.5392867708646,39,Debit Card
TXN_1413,CUST_112,2026-04-02 03:00:00,Electronics,197.42608192201632,63,Cash
TXN_1941,CUST_155,2026-03-06 18:00:00,Clothing,212.02139167186368,36,Cash
TXN_1987,CUST_244,2026-03-26 01:00:00,Books,31.351003339290457,38,PayPal
TXN_1389,CUST_273,2026-01-02 08:00:00,Beauty,307.49232422500995,29,Cash
TXN_1335,CUST_286,2026-02-03 08:00:00,Electronics,115.40837079407711,64,Not Specified
TXN_2033,CUST_230,2026-02-14 16:00:00,Beauty,247.9576752091032,62,Credit Card
TXN_1187,CUST_102,2026-05-12 23:00:00,Beauty,169.87257106239326,53,PayPal
TXN_1191,CUST_254,2026-02-18 13:00:00,Beauty,44.71818394668968,68,Debit Card
TXN_1537,CUST_168,2026-04-08 10:00:00,Clothing,93.59278466388504,49,Debit Card
TXN_1265,CUST_181,2026-03-15 20:00:00,Books,116.0095876697506,43,PayPal
TXN_1362,CUST_271,2026-04-30 13:00:00,Beauty,193.88068928378948,65,PayPal
TXN_2054,CUST_278,2026-04-03 15:00:00,Beauty,60.32462988195189,56,PayPal
TXN_1416,UNKNOWN,2026-04-01 22:00:00,Books,51.80905871407171,25,PayPal
TXN_1435,CUST_162,2026-04-17 21:00:00,Beauty,38.57885527384376,62,Cash
TXN_1186,CUST_215,2026-03-21 22:00:00,Beauty,123.64511049135186,30,Not Specified
TXN_2197,CUST_208,2026-03-31 12:00:00,Books,1.7162450400960836,43,Debit Card
TXN_1376,CUST_287,2026-03-12 13:00:00,Clothing,174.8471797038733,47,Credit Card
TXN_1486,CUST_239,2026-03-20 08:00:00,Home & Kitchen,183.19357777446817,35,PayPal
TXN_1888,CUST_133,2026-01-22 18:00:00,Home & Kitchen,76.83270234102947,35,Cash
TXN_2091,CUST_164,2026-03-05 07:00:00,Electronics,203.90913135002896,35,PayPal
TXN_1423,CUST_241,2026-04-03 12:00:00,Books,170.87742005693903,68,Credit Card
TXN_1787,CUST_208,2026-03-09 00:00:00,Beauty,1.3612454414065525,54,Cash
TXN_2062,CUST_118,2026-04-13 20:00:00,Electronics,105.65991797144706,44,Cash
TXN_2193,CUST_137,2026-04-29 10:00:00,Electronics,66.27902344155635,61,Cash
TXN_1299,CUST_215,2026-02-16 14:00:00,Books,139.96385516784616,27,Credit Card
TXN_1961,CUST_229,2026-04-03 08:00:00,Books,118.39209985842788,61,Cash
TXN_1104,CUST_170,2026-04-04 21:00:00,Home & Kitchen,72.28708736248963,26,Not Specified
TXN_1690,CUST_207,2026-12-04 16:00:00,Clothing,130.98819835256288,40,PayPal
TXN_2038,CUST_105,2026-05-06 10:00:00,Beauty,81.31062883556507,44,Credit Card
TXN_1161,CUST_286,2026-01-10 20:00:00,Home & Kitchen,61.36248807009928,68,Cash
TXN_1619,CUST_118,2026-01-14 17:00:00,Home & Kitchen,305.97386446822543,68,PayPal
TXN_1698,CUST_294,2026-01-27 21:00:00,Electronics,183.5680306356169,30,Cash
TXN_1833,CUST_133,2026-02-27 17:00:00,Clothing,142.30398499083685,52,Cash
TXN_1491,CUST_133,2026-02-03 23:00:00,Home & Kitchen,204.80717919269324,57,Credit Card
TXN_1899,CUST_194,2026-05-25 05:00:00,Clothing,0.2042665115401121,67,Credit Card
TXN_1778,CUST_181,2026-05-09 06:00:00,Home & Kitchen,197.76455725917776,33,Credit Card
TXN_1668,CUST_277,2026-02-23 23:00:00,Home & Kitchen,115.43670665176468,40,Debit Card
TXN_1878,CUST_232,2026-03-24 20:00:00,Home & Kitchen,93.6408559825611,66,Cash
TXN_2168,CUST_299,2026-01-20 15:00:00,Electronics,57.39211220651288,57,Not Specified
TXN_1686,CUST_169,2026-01-02 21:00:00,Home & Kitchen,161.44813616239804,64,Credit Card
TXN_1205,CUST_285,2026-02-16 14:00:00,Beauty,132.96277905554166,36,Credit Card
TXN_1680,CUST_185,2026-02-16 14:00:00,Beauty,110.05713782700508,44,PayPal
TXN_1403,CUST_236,2026-02-14 22:00:00,Books,78.22947439840061,50,PayPal
TXN_1130,CUST_271,2026-05-29 02:00:00,Books,97.79645949475588,44,Credit Card
TXN_1794,CUST_276,2026-05-13 00:00:00,Books,220.20325848233847,59,Cash
TXN_1445,UNKNOWN,2026-03-18 13:00:00,Home & Kitchen,226.022087234963,44,Debit Card
TXN_1587,CUST_219,2026-05-08 08:00:00,Books,98.2948017545362,44,Cash
TXN_1639,CUST_279,2026-04-17 18:00:00,Home & Kitchen,136.13223241034038,61,Cash
TXN_1585,CUST_174,2026-06-02 12:00:00,Books,148.09323741016672,44,Credit Card
TXN_1630,UNKNOWN,2026-02-18 14:00:00,Beauty,191.13230598302448,44,Cash
TXN_1341,CUST_208,2026-04-18 10:00:00,Electronics,172.18642705413438,41,Debit Card
TXN_1552,CUST_260,2026-01-20 08:00:00,Home & Kitchen,132.42599993595212,55,PayPal
TXN_1455,CUST_202,2026-03-09 00:00:00,Clothing,144.41945012250824,52,Credit Card
TXN_1803,CUST_260,2026-03-12 07:00:00,Electronics,177.9309247451598,69,PayPal
TXN_1155,CUST_270,2026-03-13 00:00:00,Books,258.0981236508506,51,Cash
TXN_1517,CUST_289,2026-04-23 12:00:00,Clothing,108.22357770515222,69,Cash
TXN_1722,CUST_143,2026-01-11 12:00:00,Clothing,46.56191163114113,44,Debit Card
TXN_2059,CUST_253,2026-03-12 12:00:00,Home & Kitchen,71.06930106443528,44,Credit Card
TXN_1308,CUST_198,2026-01-08 04:00:00,Beauty,132.96277905554166,51,PayPal
TXN_1659,CUST_173,2026-01-28 08:00:00,Home & Kitchen,65.30925741708899,25,Cash
TXN_1848,CUST_232,2026-02-17 19:00:00,Beauty,67.46485234980695,19,Debit Card
TXN_1786,CUST_129,2026-04-01 17:00:00,Beauty,82.65929504388475,61,PayPal
TXN_1154,UNKNOWN,2026-04-16 15:00:00,Electronics,83.70908899266539,57,Not Specified
TXN_1094,CUST_123,2026-03-28 10:00:00,Books,34.38467496845347,69,Cash
TXN_1593,CUST_251,2026-04-12 10:00:00,Clothing,86.08879661421179,25,Cash
TXN_2071,CUST_137,2026-03-21 08:00:00,Clothing,91.70513923463952,43,PayPal
TXN_1148,CUST_162,2026-01-03 21:00:00,Beauty,132.96277905554166,28,Credit Card
TXN_2055,CUST_272,2026-02-17 16:00:00,Clothing,67.07668459877665,67,Debit Card
TXN_1762,CUST_285,2026-04-06 03:00:00,Books,168.01703725954224,50,Cash
TXN_1448,CUST_287,2026-03-17 07:00:00,Home & Kitchen,18.24647991098217,44,Credit Card
TXN_1715,CUST_252,2026-05-13 23:00:00,Home & Kitchen,84.29435878125241,39,Cash
TXN_1522,CUST_138,2026-03-10 04:00:00,Clothing,135.4077534985044,51,Credit Card
TXN_2140,CUST_245,2026-11-03 20:00:00,Home & Kitchen,18.32386231261738,68,Debit Card
TXN_1767,CUST_140,2026-02-13 08:00:00,Home & Kitchen,115.43670665176468,26,Credit Card
TXN_1835,CUST_194,2026-01-25 15:00:00,Beauty,132.96277905554166,44,PayPal
TXN_2131,CUST_182,2026-05-15 21:00:00,Clothing,97.86625826246836,43,PayPal
TXN_2028,CUST_193,2026-02-26 21:00:00,Home & Kitchen,154.468993521203,69,Debit Card
TXN_1213,CUST_212,2026-04-17 16:00:00,Books,140.1053318590482,67,Debit Card
TXN_2090,CUST_183,2026-01-03 21:00:00,Home & Kitchen,126.04610981360302,44,Debit Card
TXN_1202,UNKNOWN,2026-02-14 00:00:00,Home & Kitchen,51.50641274706,33,Credit Card
TXN_2183,CUST_132,2026-02-28 08:00:00,Beauty,195.0912018143156,43,Credit Card
TXN_1113,CUST_262,2026-03-19 08:00:00,Clothing,186.5293428944323,38,Cash
TXN_1963,CUST_253,2026-04-02 16:00:00,Clothing,132.11224383613862,60,Debit Card
TXN_1937,CUST_172,2026-03-14 00:00:00,Books,127.28748850047306,21,Debit Card
TXN_1027,CUST_260,2026-04-05 13:00:00,Books,127.94151922387223,21,Debit Card
TXN_2174,CUST_132,2026-01-12 17:00:00,Home & Kitchen,182.9124969596653,40,Credit Card
TXN_1506,CUST_294,2026-03-16 12:00:00,Electronics,124.72264852330473,34,Debit Card
TXN_2138,CUST_141,2026-01-01 04:00:00,Beauty,153.50079681019972,36,Debit Card
TXN_1755,CUST_216,2026-04-18 18:00:00,Beauty,121.07602916954345,54,Debit Card
TXN_2035,CUST_139,2026-05-14 11:00:00,Books,162.65658543194502,45,Credit Card
TXN_1876,CUST_150,2026-02-28 18:00:00,Books,127.94151922387223,31,Cash
TXN_1997,CUST_133,2026-02-23 23:00:00,Books,60.15231483026823,69,Debit Card
TXN_2068,CUST_189,2026-03-14 23:00:00,Clothing,132.11224383613862,31,Credit Card
TXN_1370,CUST_123,2026-04-12 22:00:00,Electronics,82.52031093117475,28,Not Specified
TXN_1433,CUST_252,2026-03-26 20:00:00,Electronics,168.30324162223152,53,PayPal
TXN_2105,CUST_161,2026-02-27 19:00:00,Books,127.94151922387223,55,PayPal
TXN_1694,CUST_189,2026-05-02 05:00:00,Clothing,141.84085739955086,44,Debit Card
TXN_1167,CUST_161,2026-03-31 21:00:00,Electronics,124.72264852330473,56,Credit Card
TXN_1745,CUST_102,2026-03-11 08:00:00,Beauty,132.96277905554166,61,Credit Card
TXN_1388,CUST_203,2026-03-09 07:00:00,Home & Kitchen,214.5254173135317,40,Cash
TXN_1227,CUST_271,2026-02-26 03:00:00,Clothing,162.1518338932635,18,Credit Card
TXN_1461,CUST_146,2026-05-23 08:00:00,Beauty,139.08439630189912,31,Debit Card
TXN_1310,CUST_192,2026-04-17 04:00:00,Books,118.06137329042464,51,PayPal
TXN_2166,CUST_234,2026-03-02 18:00:00,Clothing,132.11224383613862,62,Debit Card
TXN_1425,CUST_242,2026-05-22 02:00:00,Electronics,22.457242678224503,33,Credit Card
TXN_1918,CUST_246,2026-01-17 01:00:00,Clothing,187.3837861611122,25,PayPal
TXN_2004,CUST_268,2026-05-13 16:00:00,Beauty,241.2355846681798,41,Debit Card
TXN_2030,CUST_251,2026-03-28 12:00:00,Beauty,109.71629653984346,41,Debit Card
TXN_1288,CUST_108,2026-02-13 00:00:00,Books,77.21946633245415,55,PayPal
TXN_1321,CUST_167,2026-02-28 22:00:00,Electronics,67.9472138105293,34,Credit Card
TXN_1294,CUST_251,2026-01-12 09:00:00,Beauty,18.40011220848993,19,PayPal
TXN_1556,CUST_200,2026-02-17 11:00:00,Electronics,105.12604152409834,35,Not Specified
TXN_1688,CUST_118,2026-05-22 09:00:00,Electronics,50.45704104090849,38,Credit Card
TXN_1368,CUST_223,2026-01-25 07:00:00,Home & Kitchen,115.43670665176468,44,Cash
TXN_2056,CUST_143,2026-03-05 06:00:00,Clothing,180.27355708019445,21,Not Specified
TXN_1084,CUST_113,2026-01-29 00:00:00,Clothing,231.45450063479245,30,PayPal
TXN_1536,CUST_100,2026-05-21 14:00:00,Beauty,132.96277905554166,23,Debit Card
TXN_1958,CUST_113,2026-04-24 21:00:00,Beauty,105.79232041930088,23,Credit Card
TXN_1618,CUST_286,2026-05-28 17:00:00,Electronics,196.5036001673077,44,PayPal
TXN_2130,CUST_104,2026-01-13 03:00:00,Home & Kitchen,152.7550824513802,68,Cash
TXN_1089,CUST_289,2026-03-20 16:00:00,Beauty,95.9627241023437,49,PayPal
TXN_1363,CUST_257,2026-02-07 13:00:00,Home & Kitchen,35.9501342537759,28,PayPal
TXN_1196,CUST_271,2026-01-19 15:00:00,Clothing,74.75389057008077,69,Cash
TXN_1083,CUST_289,2026-03-01 15:00:00,Electronics,101.51444180338558,63,Not Specified
TXN_1258,CUST_195,2026-03-12 21:00:00,Home & Kitchen,113.52661298698494,21,Debit Card
TXN_1234,UNKNOWN,2026-01-14 23:00:00,Home & Kitchen,40.57071991315637,50,Debit Card
TXN_2154,CUST_252,2026-04-19 02:00:00,Clothing,94.36919524505646,35,Cash
TXN_1775,CUST_145,2026-01-10 03:00:00,Electronics,52.60538958989389,53,Debit Card
TXN_1473,CUST_244,2026-01-02 16:00:00,Books,7.994342145359269,19,Credit Card
TXN_1940,CUST_220,2026-01-02 16:00:00,Clothing,132.11224383613862,47,Credit Card
TXN_1723,CUST_272,2026-04-14 03:00:00,Electronics,258.493570541384,61,Credit Card
TXN_1956,CUST_226,2026-02-01 05:00:00,Electronics,194.0780080571693,45,Credit Card
TXN_1869,UNKNOWN,2026-02-01 03:00:00,Books,80.16305225457265,25,Cash
TXN_1514,CUST_168,2026-02-04 22:00:00,Electronics,24.16268566261907,37,Credit Card
TXN_2016,CUST_132,2026-04-06 04:00:00,Home & Kitchen,115.43670665176468,39,Credit Card
TXN_1562,CUST_173,2026-04-19 02:00:00,Electronics,223.0460579881902,21,Cash
TXN_1476,CUST_118,2026-02-14 14:00:00,Electronics,126.626605641448,42,Debit Card
TXN_1972,CUST_206,2026-03-03 00:00:00,Electronics,147.34601711639732,29,Debit Card
TXN_1039,CUST_289,2026-01-20 17:00:00,Clothing,150.35243180840877,67,PayPal
TXN_1516,CUST_193,2026-01-18 08:00:00,Books,142.9419289906069,64,PayPal
TXN_2103,CUST_148,2026-04-22 12:00:00,Home & Kitchen,40.14301931908759,30,Cash
TXN_1434,CUST_285,2026-03-03 09:00:00,Electronics,88.6498587690507,51,Debit Card
TXN_1391,CUST_213,2026-03-27 08:00:00,Books,195.9050477177296,39,Debit Card
TXN_2064,CUST_212,2026-01-25 02:00:00,Books,223.36482674612185,28,Credit Card
TXN_1481,CUST_216,2026-04-17 17:00:00,Books,13.23115144718139,44,Credit Card
TXN_1758,CUST_191,2026-02-12 20:00:00,Electronics,354.85263218622225,58,Cash
TXN_1724,CUST_259,2026-04-05 10:00:00,Electronics,69.16720958170103,37,Cash
TXN_1322,CUST_132,2026-05-08 04:00:00,Books,127.94151922387223,36,PayPal
TXN_2196,CUST_146,2026-05-11 23:00:00,Electronics,120.58901451388536,62,Credit Card
TXN_1266,CUST_203,2026-01-05 01:00:00,Home & Kitchen,36.31031319499967,68,Cash
TXN_2125,CUST_113,2026-03-31 22:00:00,Books,99.6838634882212,31,Debit Card
TXN_1920,CUST_104,2026-03-31 22:00:00,Beauty,228.08126019896,44,Credit Card
TXN_1064,CUST_271,2026-03-27 04:00:00,Beauty,132.96277905554166,64,Debit Card
TXN_1571,CUST_134,2026-01-31 22:00:00,Electronics,65.06277255973637,30,PayPal
TXN_1845,CUST_111,2026-01-09 16:00:00,Beauty,218.69794226689544,20,Debit Card
TXN_1188,CUST_202,2026-01-24 01:00:00,Beauty,132.96277905554166,26,Credit Card
TXN_1029,UNKNOWN,2026-03-21 21:00:00,Beauty,254.19016702443915,31,Cash
TXN_1781,CUST_146,2026-04-04 02:00:00,Beauty,132.96277905554166,18,PayPal
TXN_2178,CUST_137,2026-02-01 10:00:00,Home & Kitchen,180.8404895667314,38,PayPal
TXN_1917,CUST_150,2026-03-03 09:00:00,Beauty,254.76198676827613,44,Credit Card
TXN_2094,CUST_172,2026-03-01 19:00:00,Beauty,36.35764114607575,68,Not Specified
TXN_2176,CUST_263,2026-04-23 09:00:00,Beauty,132.96277905554166,26,Credit Card
TXN_1557,CUST_111,2026-02-21 05:00:00,Clothing,132.11224383613862,58,Credit Card
TXN_1790,CUST_132,2026-05-28 19:00:00,Beauty,87.00167904896506,29,PayPal
TXN_1279,UNKNOWN,2026-05-07 03:00:00,Beauty,97.19245943663888,36,Cash
TXN_1119,CUST_127,2026-01-13 20:00:00,Books,215.44903566808225,54,Debit Card
TXN_1749,CUST_173,2026-05-19 04:00:00,Books,160.3430282707418,23,Debit Card
TXN_1530,CUST_133,2026-05-07 11:00:00,Home & Kitchen,176.9128463572396,32,Cash
TXN_1326,CUST_247,2026-05-06 04:00:00,Electronics,110.8287331594886,44,Not Specified
TXN_1004,CUST_206,2026-02-07 19:00:00,Books,145.85483859665646,49,PayPal
TXN_1314,CUST_181,2026-01-12 10:00:00,Clothing,142.3267086676148,36,PayPal
TXN_2032,CUST_236,2026-04-22 22:00:00,Electronics,124.72264852330473,53,Credit Card
TXN_2042,CUST_178,2026-02-16 21:00:00,Electronics,101.83151937752592,52,Debit Card
TXN_1069,CUST_263,2026-05-13 00:00:00,Beauty,68.99299663392289,35,Debit Card
TXN_1572,CUST_180,2026-04-24 21:00:00,Beauty,249.9107994248922,25,Credit Card
TXN_1206,CUST_151,2026-02-16 13:00:00,Home & Kitchen,158.420840112474,47,Cash
TXN_1783,CUST_293,2026-04-13 13:00:00,Electronics,153.91115859551888,23,Debit Card
TXN_1642,CUST_250,2026-05-23 18:00:00,Home & Kitchen,34.10490728657979,57,Cash
TXN_1560,CUST_260,2026-05-23 18:00:00,Beauty,37.442697292225645,53,Cash
TXN_1830,CUST_292,2026-03-27 14:00:00,Books,126.36588279537328,30,Debit Card
TXN_1146,CUST_223,2026-01-22 10:00:00,Clothing,235.3556004641512,42,Cash
TXN_1015,CUST_251,2026-02-18 09:00:00,Electronics,124.72264852330473,47,Credit Card
TXN_1406,CUST_138,2026-02-16 14:00:00,Home & Kitchen,20.43659999322217,62,Debit Card
TXN_1529,CUST_199,2026-03-26 13:00:00,Electronics,116.08279753132398,40,Debit Card
TXN_2120,CUST_163,2026-03-26 13:00:00,Books,68.45277863824126,50,Cash
TXN_1173,CUST_143,2026-04-11 03:00:00,Electronics,124.72264852330473,44,Credit Card
TXN_1102,CUST_164,2026-01-28 18:00:00,Electronics,236.16941593460484,44,Cash
TXN_1753,UNKNOWN,2026-04-28 17:00:00,Beauty,24.08388816048992,37,Debit Card
TXN_1101,CUST_144,2026-05-15 18:00:00,Home & Kitchen,21.665312175966704,67,Debit Card
TXN_2075,CUST_199,2026-01-15 02:00:00,Books,253.5938225123711,33,Cash
TXN_1584,CUST_213,2026-01-01 14:00:00,Electronics,178.32509160018915,21,Credit Card
TXN_1886,CUST_183,2026-04-05 03:00:00,Electronics,133.40560846407922,69,PayPal
TXN_1994,CUST_245,2026-05-19 12:00:00,Clothing,117.0728020525655,44,Debit Card
TXN_1058,CUST_229,2026-02-21 03:00:00,Books,214.4102538993222,32,PayPal
TXN_1898,CUST_179,2026-01-27 11:00:00,Books,104.78073244694276,42,PayPal
TXN_1272,CUST_258,2026-03-27 11:00:00,Beauty,10.79825636586918,37,Credit Card
TXN_1080,CUST_245,2026-03-27 11:00:00,Home & Kitchen,111.96194235426358,59,Cash
TXN_2049,CUST_284,2026-01-19 02:00:00,Electronics,124.72264852330473,58,Debit Card
TXN_1248,UNKNOWN,2026-04-30 13:00:00,Electronics,126.5022737644959,31,Debit Card
TXN_1759,CUST_263,2026-03-21 01:00:00,Home & Kitchen,34.13375742216836,19,Debit Card
TXN_1233,CUST_283,2026-03-27 06:00:00,Home & Kitchen,82.46953166316729,50,Credit Card
TXN_2190,CUST_173,2026-05-22 17:00:00,Electronics,200.82196694688125,18,PayPal
TXN_1574,CUST_107,2026-03-08 21:00:00,Clothing,159.9276652910199,44,Credit Card
TXN_1044,UNKNOWN,2026-01-05 18:00:00,Electronics,124.72264852330473,25,Cash
TXN_1490,CUST_100,2026-04-10 00:00:00,Books,104.34411750824788,33,Debit Card
TXN_2097,CUST_242,2026-05-10 16:00:00,Electronics,179.75846720837677,42,Credit Card
TXN_1676,CUST_182,2026-02-23 21:00:00,Clothing,132.11224383613862,68,Cash
TXN_1442,CUST_148,2026-02-10 06:00:00,Home & Kitchen,141.42749102930668,35,Debit Card
TXN_2052,CUST_235,2026-05-21 21:00:00,Home & Kitchen,20.835017113580832,69,Cash
TXN_2114,CUST_134,2026-03-17 09:00:00,Home & Kitchen,272.0214739448772,25,Debit Card
TXN_1264,CUST_138,2026-04-08 00:00:00,Home & Kitchen,24.882926437203054,47,Debit Card
TXN_1338,CUST_121,2026-01-23 15:00:00,Clothing,98.98026018507969,34,Credit Card
TXN_1930,CUST_189,2026-05-28 11:00:00,Beauty,139.17020145911982,20,Credit Card
TXN_1582,CUST_295,2026-03-08 00:00:00,Electronics,209.74892038354017,42,Credit Card
TXN_1728,CUST_248,2026-01-26 16:00:00,Beauty,132.96277905554166,25,Cash
TXN_1905,CUST_231,2026-04-22 08:00:00,Home & Kitchen,29.953030877442476,47,Debit Card
TXN_1053,CUST_159,2026-04-07 03:00:00,Books,48.17359468594965,20,PayPal
TXN_1747,CUST_284,2026-04-09 15:00:00,Beauty,151.94540813753048,53,Debit Card
TXN_1392,CUST_131,2026-04-30 22:00:00,Beauty,130.4552019571506,49,PayPal
TXN_1887,CUST_168,2026-01-02 23:00:00,Clothing,212.98076780045332,38,Credit Card
TXN_1086,CUST_147,2026-02-27 07:00:00,Beauty,189.8259480804508,33,Cash
TXN_1441,CUST_185,2026-02-20 06:00:00,Clothing,27.7206059212173,44,Cash
TXN_1939,CUST_146,2026-03-11 08:00:00,Home & Kitchen,120.50185249475346,47,Credit Card
TXN_1620,CUST_276,2026-03-11 08:00:00,Electronics,118.63951404129352,26,PayPal
TXN_2063,CUST_119,2026-03-03 16:00:00,Clothing,111.19956010391589,31,Debit Card
TXN_1462,CUST_198,2026-01-02 08:00:00,Clothing,16.755086244302504,21,PayPal
TXN_1817,CUST_122,2026-01-24 23:00:00,Clothing,167.96620329962846,42,Cash
TXN_1176,CUST_289,2026-01-24 21:00:00,Books,127.94151922387223,35,Credit Card
TXN_1565,CUST_128,2026-03-22 16:00:00,Beauty,220.3470688605872,37,Not Specified
TXN_1117,CUST_104,2026-05-20 07:00:00,Books,182.72022234485985,62,Credit Card
TXN_2039,CUST_165,2026-05-02 09:00:00,Electronics,187.34246198272103,53,PayPal
TXN_1328,CUST_235,2026-05-14 18:00:00,Beauty,107.99064389969548,64,Debit Card
TXN_1124,CUST_132,2026-05-26 22:00:00,Books,70.91299157097644,69,Cash
TXN_1986,CUST_124,2026-03-23 23:00:00,Books,256.3673674637902,38,Credit Card
TXN_1038,CUST_274,2026-01-31 13:00:00,Electronics,102.8745841817711,21,Debit Card
TXN_2045,CUST_212,2026-05-06 23:00:00,Beauty,178.2814914811629,52,Credit Card
TXN_1525,CUST_200,2026-02-22 22:00:00,Clothing,174.65784118310464,34,Credit Card
TXN_1424,CUST_214,2026-04-09 07:00:00,Home & Kitchen,54.2339190537658,44,Cash
TXN_2026,CUST_289,2026-03-28 16:00:00,Clothing,89.69921307175254,62,Debit Card
TXN_1120,CUST_234,2026-05-04 15:00:00,Electronics,201.72123142254912,54,Debit Card
TXN_2027,CUST_161,2026-03-17 22:00:00,Books,286.6128257687838,44,Not Specified
TXN_1466,CUST_243,2026-05-01 06:00:00,Beauty,242.7585681435612,53,PayPal
TXN_1685,CUST_135,2026-04-12 23:00:00,Clothing,51.82202856021407,56,PayPal
TXN_1293,CUST_247,2026-02-20 10:00:00,Books,177.7522788350513,56,Debit Card
TXN_2142,CUST_171,2026-03-20 04:00:00,Clothing,191.89353282713392,46,Debit Card
TXN_1041,CUST_207,2026-04-03 10:00:00,Clothing,141.24935945380267,53,Cash
TXN_2177,CUST_256,2026-01-14 10:00:00,Home & Kitchen,228.735159533122,41,Credit Card
TXN_1164,CUST_165,2026-04-22 12:00:00,Home & Kitchen,115.43670665176468,43,Not Specified
TXN_2041,CUST_103,2026-01-28 10:00:00,Home & Kitchen,115.43670665176468,23,PayPal
TXN_1996,CUST_210,2026-05-15 10:00:00,Beauty,207.21467768163572,61,Cash
TXN_1131,CUST_203,2026-05-02 22:00:00,Books,223.30190712127032,25,PayPal
TXN_1054,CUST_113,2026-01-04 06:00:00,Beauty,80.98357016410043,43,Not Specified
TXN_1458,CUST_208,2026-05-27 14:00:00,Clothing,155.79151496551805,62,Credit Card
TXN_2124,CUST_204,2026-05-20 18:00:00,Books,75.7458203722184,44,Credit Card
TXN_1843,CUST_222,2026-01-31 09:00:00,Home & Kitchen,41.70073309521871,28,Debit Card
TXN_1667,CUST_236,2026-03-14 05:00:00,Beauty,132.96277905554166,36,Credit Card
TXN_1687,CUST_258,2026-03-22 03:00:00,Clothing,77.66391921507898,41,Credit Card
TXN_1985,CUST_143,2026-02-06 08:00:00,Clothing,128.87091062627343,38,Not Specified
TXN_1066,CUST_274,2026-03-20 20:00:00,Home & Kitchen,160.0665272803369,46,Credit Card
TXN_1910,CUST_294,2026-03-25 21:00:00,Beauty,325.7596253995975,47,Debit Card
TXN_1261,CUST_260,2026-01-28 10:00:00,Clothing,80.92191359117123,67,Credit Card
TXN_2051,CUST_178,2026-04-08 18:00:00,Books,170.1230690669554,46,Credit Card
TXN_2093,CUST_200,2026-03-03 03:00:00,Books,182.0092097271269,40,Cash
TXN_1263,CUST_227,2026-01-17 01:00:00,Clothing,121.54752566494034,64,Cash
TXN_1160,CUST_170,2026-01-17 01:00:00,Electronics,66.62487321779957,57,Cash
TXN_1259,CUST_298,2026-02-02 16:00:00,Clothing,132.11224383613862,51,Cash
TXN_2023,CUST_103,2026-04-19 02:00:00,Electronics,89.24344968183267,56,PayPal
TXN_1332,UNKNOWN,2026-05-11 11:00:00,Clothing,132.11224383613862,47,PayPal
TXN_1438,CUST_249,2026-02-06 16:00:00,Books,171.5614793316233,36,Debit Card
TXN_1428,CUST_165,2026-02-18 13:00:00,Clothing,34.86239945461209,68,Cash
TXN_2101,CUST_193,2026-05-16 08:00:00,Home & Kitchen,175.32948600971108,51,Cash
TXN_1386,CUST_157,2026-02-22 02:00:00,Beauty,162.4820875915368,58,Debit Card
TXN_1474,CUST_219,2026-01-12 02:00:00,Clothing,166.98099307713414,59,Debit Card
TXN_1170,CUST_127,2026-05-01 19:00:00,Clothing,161.85785485896264,65,Cash
TXN_1485,CUST_236,2026-04-08 02:00:00,Clothing,220.25062598145948,34,Debit Card
TXN_1364,CUST_145,2026-04-10 20:00:00,Home & Kitchen,189.50180004726167,39,PayPal
TXN_1550,CUST_223,2026-05-19 06:00:00,Home & Kitchen,115.43670665176468,19,PayPal
TXN_1616,CUST_185,2026-01-10 03:00:00,Books,126.7573429111958,39,Credit Card
TXN_1875,CUST_205,2026-05-12 23:00:00,Beauty,132.96277905554166,31,Credit Card
TXN_1278,CUST_211,2026-01-21 19:00:00,Clothing,248.3471286646877,69,Credit Card
TXN_1178,CUST_227,2026-02-23 07:00:00,Beauty,170.9859746418458,69,Credit Card
TXN_1401,CUST_203,2026-02-04 16:00:00,Home & Kitchen,117.09355135661266,60,Debit Card
TXN_1503,UNKNOWN,2026-04-23 12:00:00,Electronics,236.22044361009463,66,Credit Card
TXN_1748,CUST_111,2026-03-05 11:00:00,Clothing,148.83147160144642,36,PayPal
TXN_1761,CUST_235,2026-04-16 07:00:00,Electronics,153.26694690288485,38,PayPal
TXN_1547,CUST_239,2026-02-23 12:00:00,Home & Kitchen,100.98533464312126,60,Credit Card
TXN_1397,CUST_226,2026-05-29 04:00:00,Beauty,132.96277905554166,50,PayPal
TXN_1989,CUST_124,2026-05-03 05:00:00,Books,231.95891415778743,49,Debit Card
TXN_1057,UNKNOWN,2026-05-04 19:00:00,Books,127.94151922387223,53,PayPal
TXN_2098,CUST_251,2026-05-17 01:00:00,Electronics,122.51932498095968,27,Debit Card
TXN_1862,CUST_137,2026-03-25 19:00:00,Clothing,158.04707487428658,38,Credit Card
TXN_1159,CUST_259,2026-03-05 09:00:00,Clothing,220.92154020284127,65,Credit Card
TXN_1422,CUST_243,2026-05-04 09:00:00,Beauty,132.96277905554166,45,PayPal
TXN_1919,CUST_120,2026-01-06 04:00:00,Books,121.85567828458998,31,Credit Card
TXN_1970,UNKNOWN,2026-02-03 07:00:00,Home & Kitchen,115.43670665176468,44,PayPal
TXN_1243,CUST_243,2026-01-07 05:00:00,Electronics,116.90056840083656,62,Debit Card
TXN_1957,CUST_155,2026-05-25 09:00:00,Electronics,112.71393117175782,50,Credit Card
TXN_1931,CUST_145,2026-05-27 19:00:00,Beauty,178.64434251727988,22,Debit Card
TXN_1800,CUST_158,2026-05-27 19:00:00,Clothing,207.36854271859409,45,Debit Card
TXN_1317,CUST_262,2026-03-04 12:00:00,Clothing,41.72003633067149,37,Credit Card
TXN_1736,CUST_146,2026-03-03 21:00:00,Home & Kitchen,131.95648717306477,35,Cash
TXN_1538,CUST_103,2026-01-17 02:00:00,Beauty,178.6263265457396,38,Credit Card
TXN_1255,CUST_294,2026-08-05 11:00:00,Clothing,161.43958211131616,30,Cash
TXN_1617,CUST_240,2026-02-23 19:00:00,Electronics,124.72264852330473,42,Not Specified
TXN_1890,CUST_152,2026-03-13 06:00:00,Beauty,132.96277905554166,30,PayPal
TXN_2191,CUST_196,2026-05-28 17:00:00,Books,116.45108355907507,22,Cash
TXN_1816,CUST_280,2026-01-27 07:00:00,Electronics,202.15156946063317,50,PayPal
TXN_1796,CUST_184,2026-04-08 23:00:00,Beauty,141.79371173228878,22,Debit Card
TXN_1624,UNKNOWN,2026-02-28 22:00:00,Books,127.94151922387223,47,Cash
TXN_1447,CUST_153,2026-04-18 18:00:00,Books,132.63794498011617,62,PayPal
TXN_1717,CUST_260,2026-03-16 14:00:00,Home & Kitchen,149.40083284324817,19,Cash
TXN_1385,CUST_153,2026-03-30 13:00:00,Books,323.9207766974177,33,Debit Card
TXN_1019,CUST_101,2026-03-21 06:00:00,Books,127.94151922387223,22,PayPal
TXN_1603,CUST_111,2026-01-13 23:00:00,Books,143.13469384949803,44,Credit Card
TXN_1351,CUST_210,2026-02-07 14:00:00,Electronics,50.04514813280655,31,Credit Card
TXN_1655,CUST_174,2026-05-20 04:00:00,Clothing,85.10756467940121,65,PayPal
TXN_1342,CUST_150,2026-04-04 14:00:00,Beauty,234.1844291431373,44,Cash
TXN_2078,CUST_260,2026-05-26 18:00:00,Clothing,90.78072180081227,44,Cash
TXN_2002,CUST_182,2026-04-12 05:00:00,Home & Kitchen,93.86614019927649,41,Debit Card
TXN_1955,CUST_146,2026-02-15 09:00:00,Home & Kitchen,24.767381146040776,38,Credit Card
TXN_1656,CUST_245,2026-02-11 16:00:00,Clothing,99.39036115912047,18,Cash
TXN_1156,CUST_128,2026-04-18 04:00:00,Books,49.0136432915383,55,Cash
TXN_1673,CUST_128,2026-02-05 17:00:00,Home & Kitchen,67.27685800890839,52,PayPal
TXN_1981,CUST_284,2026-01-08 18:00:00,Books,261.45354344478267,38,Credit Card
TXN_1763,CUST_159,2026-04-04 00:00:00,Clothing,196.63456441725472,41,PayPal
TXN_1345,CUST_126,2026-05-05 15:00:00,Beauty,132.96277905554166,56,Credit Card
TXN_1577,CUST_189,2026-02-04 23:00:00,Clothing,132.11224383613862,37,Cash
TXN_1978,CUST_218,2026-05-11 09:00:00,Beauty,180.4532670995452,39,PayPal
TXN_1282,CUST_228,2026-03-20 21:00:00,Books,50.53912307213341,44,Credit Card
TXN_1301,CUST_212,2026-02-11 19:00:00,Beauty,132.96277905554166,19,Cash
TXN_1712,CUST_289,2026-03-20 22:00:00,Books,127.94151922387223,46,PayPal
TXN_1991,CUST_237,2026-02-06 14:00:00,Beauty,97.79891049118132,56,Cash
TXN_1286,CUST_136,2026-03-07 23:00:00,Beauty,101.12667765503008,19,Credit Card
TXN_1952,CUST_212,2026-03-24 00:00:00,Books,74.37487457708272,53,Credit Card
TXN_1369,CUST_136,2026-03-29 13:00:00,Beauty,127.43833972235277,51,Cash
TXN_1450,CUST_107,2026-02-14 06:00:00,Beauty,205.0125832630021,39,Debit Card
TXN_1999,CUST_107,2026-05-09 22:00:00,Electronics,118.30041765790062,27,Credit Card
TXN_1165,CUST_269,2026-05-17 19:00:00,Beauty,76.85559884293838,48,Credit Card
TXN_1909,CUST_195,2026-02-02 12:00:00,Beauty,179.1740374494267,58,Credit Card
TXN_1312,CUST_227,2026-04-20 21:00:00,Electronics,32.37835849257563,48,PayPal
TXN_2077,CUST_102,2026-01-30 07:00:00,Beauty,104.19036257632276,49,PayPal
TXN_1472,CUST_246,2026-04-04 07:00:00,Beauty,198.61465142159528,50,PayPal
TXN_1372,CUST_145,2026-03-24 13:00:00,Books,228.06818645592045,28,Credit Card
TXN_1414,CUST_159,2026-05-30 11:00:00,Beauty,199.5025771624351,43,Cash
TXN_1900,CUST_217,2026-07-04 04:00:00,Books,127.94151922387223,31,Debit Card
TXN_1166,CUST_144,2026-03-27 09:00:00,Home & Kitchen,150.91061230784487,69,Credit Card
TXN_2115,CUST_100,2026-01-13 10:00:00,Home & Kitchen,201.84452442017917,56,Debit Card
TXN_1324,CUST_120,2026-04-07 03:00:00,Electronics,98.75163517711158,52,Credit Card
TXN_1283,CUST_147,2026-04-26 13:00:00,Clothing,132.11224383613862,44,PayPal
TXN_1526,CUST_122,2026-05-11 09:00:00,Home & Kitchen,110.8158200992749,62,Credit Card
TXN_1897,CUST_282,2026-03-16 04:00:00,Beauty,132.96277905554166,64,Debit Card
TXN_1181,CUST_228,2026-01-04 12:00:00,Beauty,117.23595008368292,46,Credit Card
TXN_2149,CUST_265,2026-01-08 10:00:00,Books,127.94151922387223,59,Credit Card
TXN_1078,CUST_153,2026-02-11 12:00:00,Clothing,149.61695119533928,18,Cash
TXN_2107,CUST_277,2026-02-13 06:00:00,Beauty,132.96277905554166,62,Debit Card
TXN_1382,CUST_227,2026-01-30 08:00:00,Beauty,75.05263205186408,25,Cash
TXN_2153,CUST_242,2026-01-31 09:00:00,Beauty,132.96277905554166,43,Credit Card
TXN_1870,CUST_290,2026-05-26 16:00:00,Books,78.99727114827598,61,PayPal
TXN_2121,CUST_192,2026-05-19 14:00:00,Electronics,124.72264852330473,49,Cash
TXN_1837,CUST_138,2026-05-03 14:00:00,Clothing,164.28556248542347,45,Credit Card
TXN_1095,CUST_253,2026-05-09 12:00:00,Electronics,257.5232490273457,59,Debit Card
TXN_2187,CUST_109,2026-05-23 07:00:00,Clothing,210.259182661507,32,Credit Card
TXN_1349,CUST_196,2026-03-28 02:00:00,Books,100.17980654082326,54,PayPal
TXN_1922,CUST_269,2026-03-12 02:00:00,Beauty,13.5435894935259,65,PayPal
TXN_1633,CUST_243,2026-02-07 16:00:00,Home & Kitchen,125.44578153988968,57,Debit Card
TXN_1992,CUST_166,2026-04-02 17:00:00,Clothing,37.09526021009837,26,PayPal
TXN_1681,UNKNOWN,2026-05-18 20:00:00,Home & Kitchen,103.08926161456247,58,Cash
TXN_2079,CUST_233,2026-05-08 15:00:00,Clothing,132.11224383613862,51,Cash
TXN_1600,CUST_250,2026-05-25 22:00:00,Books,122.51166924262212,26,Debit Card
TXN_2019,CUST_120,2026-03-21 00:00:00,Beauty,179.6120691427854,57,Debit Card
TXN_1701,CUST_225,2026-01-07 19:00:00,Home & Kitchen,107.95087882960536,55,Credit Card
TXN_1756,CUST_107,2026-01-29 01:00:00,Home & Kitchen,102.01175553641184,44,Cash
TXN_1527,CUST_109,2026-04-08 12:00:00,Beauty,165.34173809473435,36,Credit Card
TXN_1383,CUST_117,2026-03-05 00:00:00,Electronics,158.34887627435378,25,Credit Card
TXN_1806,CUST_198,2026-04-16 19:00:00,Home & Kitchen,24.02197879278292,38,PayPal
TXN_1637,CUST_239,2026-05-01 10:00:00,Home & Kitchen,126.24941881888132,56,Cash
TXN_2083,CUST_250,2026-03-20 19:00:00,Electronics,226.24455111895745,24,PayPal
TXN_1822,CUST_184,2026-04-05 20:00:00,Clothing,71.5875011515202,69,Credit Card
TXN_1691,UNKNOWN,2026-01-12 21:00:00,Home & Kitchen,353.4538844048074,66,Debit Card
TXN_1091,CUST_181,2026-03-10 11:00:00,Books,148.81313471566136,68,Credit Card
TXN_2092,UNKNOWN,2026-02-28 22:00:00,Home & Kitchen,117.6626875316812,29,Debit Card
TXN_1882,CUST_283,2026-03-05 02:00:00,Electronics,124.72264852330473,43,Debit Card
TXN_1825,CUST_100,2026-11-03 04:00:00,Clothing,156.53504085843193,40,Credit Card
TXN_1873,CUST_178,2026-03-19 00:00:00,Books,181.66417759903769,30,Not Specified
TXN_1276,UNKNOWN,2026-03-04 16:00:00,Books,120.12952250855528,54,Credit Card
TXN_1604,CUST_212,2026-04-21 01:00:00,Books,25.68612069613397,56,Cash
TXN_1492,CUST_195,2026-01-07 03:00:00,Beauty,115.87816571802831,56,Cash
TXN_1581,CUST_234,2026-03-12 06:00:00,Beauty,118.23721087965836,44,Credit Card
TXN_2080,CUST_277,2026-05-16 21:00:00,Home & Kitchen,282.8698828145434,25,Credit Card
TXN_1707,UNKNOWN,2026-03-16 07:00:00,Home & Kitchen,40.38608320806101,32,Cash
TXN_1856,CUST_165,2026-05-03 05:00:00,Home & Kitchen,206.7358595234834,43,PayPal
TXN_1200,CUST_259,2026-05-03 05:00:00,Home & Kitchen,68.66665438956942,40,Cash
TXN_2172,CUST_210,2026-02-28 04:00:00,Books,92.8192793881981,68,PayPal
TXN_1553,UNKNOWN,2026-02-15 11:00:00,Clothing,151.85178120980297,58,PayPal
TXN_1070,CUST_149,2026-01-13 20:00:00,Electronics,137.3346495171429,61,Debit Card
TXN_1771,CUST_244,2026-02-24 07:00:00,Home & Kitchen,216.2061204180182,44,Debit Card
TXN_1578,CUST_261,2026-01-30 14:00:00,Clothing,186.24470519146476,31,Debit Card
TXN_1043,CUST_163,2026-01-31 18:00:00,Clothing,114.43741710061845,35,Debit Card
TXN_1292,CUST_230,2026-05-27 04:00:00,Electronics,66.76621614964316,67,Cash
TXN_1731,CUST_263,2026-04-15 10:00:00,Electronics,93.04838985718892,52,PayPal
TXN_1199,CUST_217,2026-05-26 19:00:00,Books,107.38024134148118,49,PayPal
TXN_1995,CUST_210,2026-01-04 21:00:00,Books,172.77199984658964,25,Credit Card
TXN_1549,CUST_262,2026-05-29 21:00:00,Electronics,79.05891536461573,30,Debit Card
TXN_1980,CUST_138,2026-05-29 21:00:00,Beauty,12.018154449501507,60,Debit Card
TXN_1426,CUST_191,2026-03-25 23:00:00,Books,74.44401804063116,30,Credit Card
TXN_1296,CUST_219,2026-02-10 03:00:00,Clothing,173.7555686251598,22,Cash
TXN_1143,CUST_114,2026-01-27 17:00:00,Books,52.8885860779411,19,PayPal
TXN_1675,CUST_265,2026-05-29 07:00:00,Electronics,162.91311199130746,69,Credit Card
TXN_1440,CUST_157,2026-05-29 07:00:00,Clothing,80.27746116144247,22,PayPal
TXN_1751,CUST_299,2026-01-19 22:00:00,Beauty,79.43930725839553,48,PayPal
TXN_1133,CUST_292,2026-01-12 08:00:00,Clothing,224.81535264647172,30,Debit Card
TXN_1329,CUST_234,2026-03-01 11:00:00,Beauty,132.96277905554166,63,Cash
TXN_2087,CUST_112,2026-03-20 19:00:00,Clothing,171.09417119042408,44,Cash
TXN_1821,CUST_244,2026-04-19 04:00:00,Beauty,229.0701210830672,40,Cash
TXN_1842,CUST_102,2026-01-16 22:00:00,Beauty,132.96277905554166,49,PayPal
TXN_2157,CUST_152,2026-04-23 02:00:00,Home & Kitchen,158.13208326404458,44,PayPal
TXN_1051,CUST_231,2026-04-25 06:00:00,Books,147.52431372507732,29,PayPal
TXN_1644,CUST_156,2026-04-22 23:00:00,Books,81.54816468094069,21,Credit Card
TXN_1377,CUST_215,2026-03-04 08:00:00,Books,108.66811311918984,27,Not Specified
TXN_2086,CUST_229,2026-03-18 12:00:00,Home & Kitchen,106.18966925673324,63,PayPal
TXN_2180,CUST_196,2026-03-18 12:00:00,Electronics,71.39449665763553,63,Cash
TXN_1315,CUST_293,2026-02-15 22:00:00,Books,143.32509413455782,21,Cash
TXN_1785,CUST_155,2026-04-26 19:00:00,Clothing,76.91410613627006,52,Cash
TXN_1852,CUST_146,2026-02-05 16:00:00,Books,104.50356961560304,68,PayPal
TXN_1627,CUST_298,2026-02-03 17:00:00,Home & Kitchen,256.32816624472946,32,Cash
TXN_2147,CUST_278,2026-04-14 12:00:00,Beauty,127.4526670159794,60,PayPal
TXN_2143,CUST_138,2026-03-01 23:00:00,Home & Kitchen,123.01572584991384,60,PayPal
TXN_1666,CUST_269,2026-01-16 08:00:00,Beauty,151.41072925207743,44,Cash
TXN_1411,CUST_252,2026-02-07 19:00:00,Beauty,154.5773352607403,18,PayPal
TXN_1948,CUST_125,2026-01-28 00:00:00,Beauty,63.24550741372193,55,Cash
TXN_2170,CUST_291,2026-05-19 13:00:00,Beauty,286.7770336984813,66,Debit Card
TXN_1645,CUST_138,2026-05-25 22:00:00,Home & Kitchen,323.1505298226289,52,Credit Card
TXN_1504,CUST_121,2026-03-10 23:00:00,Books,242.29982804327267,44,Credit Card
TXN_1674,CUST_264,2026-01-03 05:00:00,Clothing,74.07194597731214,57,PayPal
TXN_1850,CUST_244,2026-04-11 05:00:00,Home & Kitchen,115.43670665176468,58,PayPal
TXN_1193,CUST_161,2026-04-19 11:00:00,Clothing,55.817597828836526,49,PayPal
TXN_1222,CUST_228,2026-04-10 05:00:00,Books,4.511659026418812,52,Credit Card
TXN_2053,CUST_125,2026-05-09 01:00:00,Home & Kitchen,115.43670665176468,60,Not Specified
TXN_1220,CUST_153,2026-05-09 01:00:00,Clothing,56.30905574508037,50,Debit Card
TXN_1271,CUST_250,2026-05-05 06:00:00,Beauty,122.72064769825174,45,Credit Card
TXN_1710,CUST_230,2026-04-14 02:00:00,Clothing,15.872961375733496,20,Credit Card
TXN_1013,CUST_199,2026-03-01 04:00:00,Books,204.31132418367065,44,PayPal
TXN_1431,CUST_185,2026-05-04 00:00:00,Electronics,30.396206202410227,37,Debit Card
TXN_1865,CUST_181,2026-03-17 15:00:00,Electronics,99.60424236771286,57,Credit Card
TXN_1744,CUST_217,2026-04-05 11:00:00,Electronics,128.5735932207677,48,Not Specified
TXN_2179,CUST_284,2026-05-26 22:00:00,Clothing,132.11224383613862,58,Cash
TXN_1743,CUST_153,2026-02-19 10:00:00,Beauty,124.98650796952984,46,Cash
TXN_2167,CUST_278,2026-03-15 10:00:00,Beauty,143.87614511851518,39,Credit Card
TXN_1211,UNKNOWN,2026-03-02 09:00:00,Books,208.46664530357705,34,Credit Card
TXN_1672,CUST_104,2026-01-08 06:00:00,Beauty,64.61193806129646,60,Cash
TXN_1017,CUST_249,2026-02-04 23:00:00,Home & Kitchen,164.27111864595415,55,Cash
TXN_1808,CUST_248,2026-04-26 12:00:00,Books,87.21590049651735,44,PayPal
TXN_1153,CUST_250,2026-04-21 07:00:00,Electronics,111.53449940018416,34,Debit Card
TXN_1742,CUST_216,2026-03-16 12:00:00,Clothing,37.9305515224419,59,Debit Card
TXN_2135,CUST_161,2026-03-25 04:00:00,Clothing,111.71305172753756,44,Debit Card
TXN_2148,CUST_224,2026-05-26 01:00:00,Clothing,79.12086638434184,25,Debit Card
TXN_1014,CUST_203,2026-01-12 14:00:00,Beauty,24.4381648187172,26,PayPal
TXN_1854,CUST_184,2026-04-14 14:00:00,Clothing,137.86247306042964,44,PayPal
TXN_1073,CUST_101,2026-02-21 22:00:00,Clothing,181.2994380032408,65,Cash
TXN_1881,CUST_237,2026-01-13 15:00:00,Beauty,132.96277905554166,43,Debit Card
TXN_1950,CUST_100,2026-03-09 06:00:00,Books,89.40380818645679,45,Cash
TXN_1609,CUST_204,2026-02-22 06:00:00,Electronics,128.0632858115845,39,Credit Card
TXN_2146,CUST_131,2026-04-20 23:00:00,Home & Kitchen,203.0884855367053,66,Debit Card
TXN_1443,CUST_279,2026-05-21 10:00:00,Home & Kitchen,54.11720234993204,67,PayPal
TXN_1877,CUST_180,2026-05-14 00:00:00,Clothing,75.09296028462353,33,Cash
TXN_2040,CUST_174,2026-05-14 00:00:00,Clothing,35.902397617399785,44,Cash
TXN_1708,CUST_266,2026-02-14 21:00:00,Clothing,163.97465490322077,40,Debit Card
TXN_1976,CUST_114,2026-02-07 18:00:00,Clothing,132.11224383613862,27,Credit Card
TXN_1093,CUST_152,2026-01-08 12:00:00,Beauty,172.43230638801896,44,Not Specified
TXN_1076,CUST_205,2026-04-22 17:00:00,Electronics,124.72264852330473,56,PayPal
TXN_2117,CUST_163,2026-01-08 07:00:00,Electronics,151.2902301546181,20,Cash
TXN_1704,CUST_299,2026-02-12 20:00:00,Clothing,144.79158235045077,50,Debit Card
TXN_2058,UNKNOWN,2026-01-26 16:00:00,Home & Kitchen,51.492118537503686,21,Credit Card
TXN_1889,CUST_105,2026-02-26 04:00:00,Electronics,191.592844482146,47,PayPal
TXN_1223,CUST_246,2026-03-31 03:00:00,Beauty,81.36721284315858,33,Cash
TXN_1215,CUST_180,2026-03-22 12:00:00,Home & Kitchen,115.43670665176468,49,Not Specified
TXN_1521,UNKNOWN,2026-01-22 03:00:00,Clothing,125.54958421264556,20,PayPal
TXN_1993,CUST_208,2026-04-08 21:00:00,Beauty,103.7231087135756,35,Not Specified
TXN_1894,CUST_214,2026-03-13 00:00:00,Home & Kitchen,116.2991026186926,44,Debit Card
TXN_1396,CUST_293,2026-02-19 20:00:00,Clothing,132.11224383613862,62,Cash
TXN_1387,CUST_166,2026-03-19 08:00:00,Books,131.9101443134153,44,PayPal
TXN_1480,CUST_189,2026-07-02 20:00:00,Home & Kitchen,115.43670665176468,48,Debit Card
TXN_1150,CUST_151,2026-01-30 06:00:00,Beauty,211.6822060010732,41,Cash
TXN_1358,CUST_134,2026-03-18 14:00:00,Beauty,114.98814223025428,34,PayPal
TXN_1511,CUST_185,2026-01-30 09:00:00,Clothing,132.11224383613862,25,Credit Card
TXN_1784,CUST_109,2026-01-17 17:00:00,Electronics,42.737389370883264,37,PayPal
TXN_1297,CUST_260,2026-03-26 07:00:00,Books,150.73616576047172,67,Credit Card
TXN_1152,CUST_231,2026-01-25 04:00:00,Electronics,118.67117261392728,47,PayPal
TXN_1839,CUST_261,2026-02-08 15:00:00,Beauty,206.5689850394513,55,PayPal
TXN_2112,CUST_261,2026-03-05 03:00:00,Beauty,12.14583636580079,54,PayPal
TXN_1302,CUST_299,2026-01-12 01:00:00,Beauty,202.3530480764261,32,Cash
TXN_1350,CUST_127,2026-01-04 14:00:00,Beauty,225.63312078270675,65,Debit Card
TXN_1494,CUST_217,2026-02-16 19:00:00,Clothing,94.50013478030937,49,Credit Card
TXN_2095,CUST_116,2026-03-16 10:00:00,Beauty,132.96277905554166,44,Debit Card
TXN_2099,CUST_137,2026-03-02 23:00:00,Beauty,175.205894106929,47,Cash
TXN_1746,CUST_243,2026-01-16 03:00:00,Home & Kitchen,105.97643760767896,60,Credit Card
TXN_1169,CUST_233,2026-01-14 01:00:00,Books,127.94151922387223,40,Debit Card
TXN_1415,CUST_234,2026-03-08 21:00:00,Electronics,229.913150816916,48,PayPal
TXN_1250,CUST_247,2026-02-27 20:00:00,Clothing,311.0697594296351,44,Credit Card
TXN_2020,CUST_297,2026-04-23 20:00:00,Books,130.73331327966747,64,Credit Card
TXN_1608,UNKNOWN,2026-01-27 21:00:00,Books,136.06760744925677,65,Cash
TXN_1045,CUST_150,2026-10-01 01:00:00,Beauty,204.62513446566368,49,Cash
TXN_1409,CUST_198,2026-04-03 21:00:00,Clothing,38.841621863406885,34,Credit Card
TXN_1001,CUST_279,2026-05-30 17:00:00,Books,153.41446017915206,53,Cash
TXN_1916,CUST_221,2026-04-15 07:00:00,Books,127.94151922387223,31,Credit Card
TXN_1112,CUST_235,2026-05-06 03:00:00,Electronics,74.68843270282214,55,Credit Card
TXN_1398,CUST_254,2026-02-17 19:00:00,Books,113.93028394519814,43,Cash
TXN_1602,CUST_136,2026-04-12 01:00:00,Books,118.35515541195944,69,Cash
TXN_1277,CUST_189,2026-02-01 06:00:00,Books,153.18183126310328,58,Cash
TXN_1638,CUST_124,2026-05-01 00:00:00,Books,152.018868442142,27,Not Specified
TXN_1496,CUST_188,2026-05-26 02:00:00,Home & Kitchen,110.13247487631116,44,PayPal
TXN_1590,CUST_263,2026-04-14 22:00:00,Home & Kitchen,176.74820115642538,65,Credit Card
TXN_1983,CUST_185,2026-04-17 06:00:00,Clothing,7.444527958946452,52,PayPal
TXN_1928,CUST_232,2026-02-08 14:00:00,Beauty,7.115453514713451,42,PayPal
TXN_1679,CUST_164,2026-01-13 16:00:00,Electronics,129.87838473316754,22,Cash
TXN_1738,CUST_113,2026-02-15 12:00:00,Books,310.53708253860367,42,Credit Card
TXN_2067,CUST_100,2026-01-25 21:00:00,Electronics,136.83970391372029,44,Cash
TXN_1437,CUST_224,2026-01-09 23:00:00,Electronics,90.13854032469489,51,Credit Card
TXN_2141,CUST_139,2026-04-06 02:00:00,Beauty,89.71362054294767,24,PayPal
TXN_2199,CUST_283,2026-03-07 03:00:00,Clothing,5.099690805750583,57,Credit Card
TXN_1541,CUST_179,2026-03-26 07:00:00,Books,159.02198568674706,44,PayPal
TXN_1697,CUST_225,2026-04-14 11:00:00,Clothing,121.28202258361284,47,Cash
TXN_2047,CUST_278,2026-05-17 14:00:00,Books,140.70158441951372,27,Debit Card
TXN_1238,CUST_168,2026-03-11 11:00:00,Books,166.18908200853292,40,PayPal
TXN_1967,CUST_214,2026-02-16 00:00:00,Books,92.38824950895784,19,Debit Card
TXN_1977,CUST_291,2026-03-04 12:00:00,Books,76.71945073736805,65,Not Specified
TXN_2159,CUST_203,2026-02-17 20:00:00,Electronics,112.19796930035012,37,Debit Card
TXN_2008,CUST_125,2026-02-04 03:00:00,Electronics,106.41181138578156,61,Debit Card
TXN_1430,CUST_290,2026-02-12 19:00:00,Books,127.94151922387223,54,Cash
TXN_1158,CUST_112,2026-05-12 07:00:00,Home & Kitchen,148.50022309648668,44,Debit Card
TXN_1289,CUST_198,2026-02-11 19:00:00,Books,143.5977164567057,45,PayPal
TXN_1718,CUST_265,2026-02-01 21:00:00,Beauty,203.2344714115871,58,Credit Card
TXN_1453,CUST_207,2026-03-25 17:00:00,Home & Kitchen,223.41962316145657,37,Debit Card
TXN_1502,CUST_290,2026-03-06 03:00:00,Electronics,96.44353939295728,34,Credit Card
TXN_2070,CUST_163,2026-04-03 21:00:00,Books,35.54884081611229,56,Debit Card
TXN_2013,CUST_208,2026-03-29 12:00:00,Beauty,207.9186685953572,48,Credit Card
TXN_2160,CUST_278,2026-03-29 12:00:00,Books,146.2248858859299,33,Cash
TXN_2017,CUST_280,2026-02-05 13:00:00,Home & Kitchen,122.9426266539388,60,PayPal
TXN_1606,CUST_112,2026-05-16 22:00:00,Clothing,168.7620836166881,44,Cash
TXN_1588,CUST_263,2026-05-07 00:00:00,Electronics,22.673535669143234,32,Debit Card
TXN_1251,CUST_286,2026-03-23 04:00:00,Home & Kitchen,214.74053161569384,46,Cash
TXN_1594,CUST_291,2026-04-09 07:00:00,Books,95.58489236153986,45,Credit Card
TXN_2185,CUST_185,2026-06-03 06:00:00,Clothing,126.6389935050008,62,Cash
TXN_1444,CUST_269,2026-05-27 10:00:00,Books,78.5397888911038,25,Debit Card
TXN_1402,CUST_260,2026-03-06 07:00:00,Clothing,131.754823870935,22,Not Specified
TXN_1580,CUST_204,2026-03-06 07:00:00,Beauty,132.96277905554166,67,Debit Card
TXN_1245,CUST_223,2026-05-28 23:00:00,Electronics,167.4024245854209,56,PayPal
TXN_1145,CUST_141,2026-03-29 11:00:00,Clothing,132.11224383613862,40,PayPal
TXN_2156,CUST_293,2026-05-24 12:00:00,Home & Kitchen,44.80257366799468,68,Credit Card
TXN_1871,CUST_151,2026-03-24 10:00:00,Clothing,132.11224383613862,50,Cash
TXN_1984,CUST_225,2026-04-23 00:00:00,Home & Kitchen,84.6520858207341,65,PayPal
TXN_1611,CUST_116,2026-01-13 20:00:00,Books,202.97271189265945,44,Credit Card
TXN_1478,CUST_157,2026-03-03 16:00:00,Clothing,259.85096552966684,41,Credit Card
TXN_1221,CUST_186,2026-03-15 04:00:00,Beauty,43.99492020270982,44,Cash
TXN_1311,CUST_245,2026-01-04 05:00:00,Electronics,216.19609983864575,39,Credit Card
TXN_2129,CUST_264,2026-05-29 13:00:00,Beauty,132.96277905554166,36,Cash
TXN_1671,CUST_293,2026-05-17 23:00:00,Beauty,178.315295565636,68,Cash
TXN_1177,CUST_174,2026-02-06 05:00:00,Electronics,231.12194903702093,33,Cash
TXN_1684,CUST_231,2026-02-15 12:00:00,Home & Kitchen,302.06603421181103,33,Credit Card
TXN_1810,CUST_105,2026-04-22 18:00:00,Beauty,2.3608359014999536,32,Cash
TXN_1035,CUST_114,2026-01-25 14:00:00,Clothing,132.11224383613862,24,PayPal
TXN_1546,CUST_251,2026-04-08 10:00:00,Home & Kitchen,120.70269239185184,39,Credit Card
TXN_2025,UNKNOWN,2026-04-28 04:00:00,Home & Kitchen,201.7298387258431,30,Credit Card
TXN_1634,CUST_216,2026-03-28 23:00:00,Books,202.30151931387843,19,Cash
TXN_1662,CUST_106,2026-04-15 06:00:00,Books,131.96783660150305,38,Credit Card
TXN_1891,CUST_293,2026-04-29 02:00:00,Electronics,47.604173364954704,41,Cash
TXN_1207,CUST_111,2026-05-04 10:00:00,Home & Kitchen,35.59138596156404,51,Cash
TXN_1011,CUST_187,2026-05-30 10:00:00,Electronics,180.5251739930512,19,Credit Card
TXN_1456,CUST_295,2026-05-07 03:00:00,Beauty,166.991335984481,64,Credit Card
TXN_1163,CUST_127,2026-03-07 08:00:00,Beauty,154.02570466640884,30,PayPal
TXN_1884,CUST_173,2026-03-21 10:00:00,Books,169.1016684631927,49,Debit Card
TXN_2136,UNKNOWN,2026-03-25 11:00:00,Electronics,102.88998659562888,65,Cash
TXN_1359,CUST_291,2026-04-25 00:00:00,Beauty,139.29921987253834,36,Debit Card
TXN_1192,CUST_236,2026-05-30 23:00:00,Electronics,139.6866892253127,29,Debit Card
TXN_1733,CUST_119,2026-01-15 20:00:00,Home & Kitchen,194.0537767602177,62,Cash
TXN_1208,CUST_138,2026-04-13 08:00:00,Beauty,185.8226224667202,31,Cash
TXN_2175,CUST_254,2026-05-12 21:00:00,Beauty,75.23629717684248,44,Credit Card
TXN_2198,CUST_279,2026-03-07 04:00:00,Beauty,80.98932632360297,45,Cash
TXN_1110,CUST_238,2026-03-14 01:00:00,Electronics,25.843030978402552,64,Debit Card
TXN_1097,CUST_223,2026-05-28 20:00:00,Home & Kitchen,115.43670665176468,18,PayPal
TXN_1921,CUST_191,2026-03-23 19:00:00,Home & Kitchen,115.43670665176468,19,PayPal
TXN_1244,CUST_196,2026-05-07 14:00:00,Beauty,71.331938825653,33,Debit Card
TXN_1022,CUST_137,2026-03-07 01:00:00,Beauty,190.49173766506956,18,PayPal
TXN_1554,CUST_278,2026-03-11 16:00:00,Home & Kitchen,115.3673800098473,45,Not Specified
TXN_1348,CUST_129,2026-05-28 00:00:00,Books,144.5876493366376,67,PayPal
TXN_2182,CUST_282,2026-05-13 22:00:00,Beauty,235.82371347662928,42,Debit Card
TXN_1591,CUST_237,2026-01-09 01:00:00,Beauty,121.55666044151064,69,Debit Card
TXN_1088,CUST_299,2026-02-03 07:00:00,Clothing,113.64892604754375,39,PayPal
TXN_2074,CUST_238,2026-03-24 18:00:00,Electronics,255.13511469213432,56,Debit Card
TXN_1592,CUST_200,2026-05-08 03:00:00,Books,108.919020431422,41,Credit Card
TXN_1705,CUST_160,2026-05-15 03:00:00,Clothing,18.113156112272065,46,Credit Card
TXN_1657,CUST_175,2026-04-11 21:00:00,Home & Kitchen,114.42932373599136,53,PayPal
TXN_1566,CUST_240,2026-04-23 00:00:00,Clothing,178.4800501428385,63,Credit Card
TXN_1232,CUST_282,2026-04-18 09:00:00,Books,130.105135958656,61,Credit Card
TXN_2050,CUST_293,2026-03-15 07:00:00,Home & Kitchen,160.36654515819123,55,PayPal
TXN_1469,CUST_223,2026-04-27 01:00:00,Books,163.47126622974477,24,Debit Card
TXN_1663,CUST_273,2026-01-13 17:00:00,Electronics,127.8261739766338,60,Cash
TXN_2005,CUST_200,2026-02-04 20:00:00,Electronics,150.53873351700074,49,Not Specified
TXN_1487,CUST_228,2026-03-04 22:00:00,Clothing,197.56552206023252,37,Credit Card
TXN_2010,UNKNOWN,2026-05-20 23:00:00,Books,105.33594323790422,66,Cash
TXN_1235,CUST_244,2026-05-18 15:00:00,Books,4.383578847021965,56,Debit Card
TXN_2015,CUST_220,2026-02-01 22:00:00,Electronics,156.04904395451106,40,PayPal
TXN_1096,CUST_287,2026-01-17 04:00:00,Electronics,48.29338731263506,29,PayPal
TXN_1190,CUST_299,2026-03-01 18:00:00,Home & Kitchen,94.77626757711003,31,Cash
TXN_1010,CUST_174,2026-02-24 05:00:00,Electronics,83.1064214372305,49,Debit Card
TXN_1966,CUST_155,2026-04-21 19:00:00,Clothing,128.56459623938375,31,Credit Card
TXN_1144,CUST_189,2026-04-05 14:00:00,Electronics,125.42708111335502,30,Debit Card
TXN_2076,CUST_176,2026-05-19 20:00:00,Clothing,217.9159002516804,55,Credit Card
TXN_1558,CUST_166,2026-04-12 10:00:00,Beauty,302.1669198442644,53,Debit Card
TXN_2111,CUST_236,2026-05-11 20:00:00,Beauty,135.47035615393273,31,PayPal
TXN_1270,CUST_277,2026-05-24 15:00:00,Books,56.72945666443477,59,Credit Card
TXN_1819,CUST_264,2026-02-03 16:00:00,Beauty,153.26613035642742,22,Credit Card
TXN_1658,CUST_108,2026-02-17 06:00:00,Books,175.13315656594685,67,Credit Card
TXN_2085,CUST_271,2026-03-23 01:00:00,Electronics,152.52976273781394,42,PayPal
TXN_1484,CUST_226,2026-05-02 11:00:00,Beauty,139.21646751569784,44,Debit Card
TXN_1079,CUST_290,2026-04-23 08:00:00,Home & Kitchen,166.74513331482478,22,Debit Card
TXN_1129,CUST_198,2026-04-23 23:00:00,Clothing,132.64713802585476,31,Cash
TXN_1811,CUST_296,2026-04-22 06:00:00,Electronics,18.97841794411488,34,Cash
TXN_1067,CUST_134,2026-05-18 22:00:00,Home & Kitchen,49.7220958926352,69,PayPal
TXN_1649,CUST_285,2026-05-29 10:00:00,Home & Kitchen,161.54869965103103,48,PayPal
TXN_2022,CUST_211,2026-01-06 18:00:00,Home & Kitchen,63.08302447330362,64,Debit Card
TXN_1813,CUST_232,2026-03-09 14:00:00,Clothing,126.31712365344676,44,PayPal
TXN_1219,CUST_229,2026-03-10 04:00:00,Home & Kitchen,173.2295148026264,57,Credit Card
TXN_1309,CUST_252,2026-05-04 15:00:00,Clothing,182.61038610532145,52,PayPal
TXN_1815,CUST_102,2026-04-21 23:00:00,Books,172.72434751307358,30,PayPal
TXN_1828,CUST_103,2026-03-26 19:00:00,Clothing,225.81955735081084,23,PayPal
TXN_1960,CUST_177,2026-01-15 03:00:00,Books,197.112554726069,32,Cash
TXN_1404,UNKNOWN,2026-03-17 21:00:00,Clothing,366.1488296144403,37,Debit Card
TXN_1280,CUST_212,2026-03-17 21:00:00,Books,131.09161469680677,62,Debit Card
TXN_1253,UNKNOWN,2026-02-18 18:00:00,Electronics,128.94393265627107,41,Debit Card
TXN_1052,CUST_188,2026-03-21 15:00:00,Home & Kitchen,147.86733913969016,42,Cash
TXN_1561,CUST_267,2026-01-04 06:00:00,Books,84.77926364908797,61,PayPal
TXN_1654,CUST_262,2026-01-21 19:00:00,Books,9.552103528027914,38,Cash
TXN_1895,CUST_210,2026-04-23 11:00:00,Beauty,129.1281193781216,64,Debit Card
TXN_1696,CUST_138,2026-04-29 15:00:00,Electronics,112.64345739165871,44,Credit Card
TXN_1589,CUST_120,2026-02-04 01:00:00,Clothing,30.2775882059978,44,PayPal
TXN_1082,CUST_261,2026-05-09 01:00:00,Beauty,152.84400682620932,53,Cash
TXN_1703,CUST_247,2026-01-16 15:00:00,Home & Kitchen,29.754995615384487,37,PayPal
TXN_1217,CUST_212,2026-05-27 09:00:00,Books,64.04038238658855,38,PayPal
TXN_1982,CUST_116,2026-03-14 05:00:00,Beauty,145.59721529161305,32,PayPal
TXN_1305,CUST_203,2026-01-03 17:00:00,Electronics,42.015473926172646,54,Cash
TXN_1005,CUST_171,2026-05-22 03:00:00,Home & Kitchen,222.7053487882849,18,PayPal
TXN_1539,CUST_115,2026-03-23 07:00:00,Books,18.06143047385639,57,Cash
TXN_1788,CUST_104,2026-04-24 00:00:00,Beauty,54.5854082715893,58,Credit Card
TXN_1711,CUST_191,2026-04-08 01:00:00,Home & Kitchen,115.43670665176468,54,Credit Card
TXN_1356,CUST_246,2026-05-25 06:00:00,Beauty,52.34615164047096,26,Cash
TXN_2118,CUST_249,2026-02-28 07:00:00,Books,213.40078583891568,64,Debit Card
TXN_1535,CUST_195,2026-05-05 02:00:00,Beauty,83.72687132929167,35,Credit Card
TXN_1465,CUST_151,2026-02-20 21:00:00,Beauty,132.96277905554166,56,Cash
TXN_1021,CUST_257,2026-05-23 20:00:00,Clothing,73.76633785338315,53,Not Specified
TXN_1797,CUST_125,2026-03-09 04:00:00,Books,153.3972071857036,22,Debit Card
TXN_1508,CUST_253,2026-04-17 09:00:00,Beauty,2.237034157856669,44,Debit Card
TXN_1046,CUST_234,2026-05-06 10:00:00,Electronics,72.87102937750984,44,Credit Card
TXN_1953,CUST_198,2026-05-18 03:00:00,Beauty,25.671342850972135,55,Cash
TXN_1451,CUST_152,2026-01-08 13:00:00,Clothing,89.94930673875714,37,PayPal
TXN_1226,CUST_152,2026-05-09 23:00:00,Clothing,196.10449954395867,64,Credit Card
TXN_1357,CUST_103,2026-05-17 02:00:00,Books,118.87208272746628,55,Not Specified
TXN_1071,CUST_203,2026-03-23 04:00:00,Beauty,95.73199460182926,44,PayPal
TXN_1229,UNKNOWN,2026-03-01 11:00:00,Home & Kitchen,104.1443458896224,65,PayPal
TXN_2127,CUST_129,2026-05-08 05:00:00,Electronics,150.61228411819934,64,Debit Card
TXN_1262,CUST_267,2026-03-27 16:00:00,Beauty,247.41359986263072,19,Not Specified
TXN_1947,CUST_180,2026-04-08 12:00:00,Electronics,190.09391453544603,31,Credit Card
TXN_1632,CUST_210,2026-04-06 21:00:00,Home & Kitchen,58.65087695963581,55,Cash
TXN_1197,CUST_251,2026-04-04 22:00:00,Electronics,82.29474230791057,33,Debit Card
TXN_1505,CUST_192,2026-03-29 02:00:00,Books,113.5163228222605,53,Cash
TXN_1709,CUST_100,2026-02-28 03:00:00,Home & Kitchen,264.11440794131903,59,Credit Card
TXN_1340,CUST_137,2026-02-28 03:00:00,Home & Kitchen,60.877707358141365,31,Cash
TXN_1851,CUST_211,2026-03-06 18:00:00,Clothing,102.356941667477,35,Cash
TXN_1003,CUST_114,2026-01-16 11:00:00,Clothing,150.9897184506392,25,Not Specified
TXN_1540,CUST_123,2026-01-19 04:00:00,Books,203.8786120840474,45,Not Specified
TXN_1394,CUST_185,2026-01-12 02:00:00,Books,81.9363644796079,44,PayPal
TXN_1507,CUST_175,2026-01-04 13:00:00,Home & Kitchen,115.43670665176468,44,Not Specified
TXN_1907,CUST_124,2026-05-03 01:00:00,Clothing,114.57028946404144,55,Not Specified
TXN_1092,CUST_210,2026-03-28 04:00:00,Books,76.98833937761468,32,Debit Card
TXN_2021,CUST_169,2026-03-02 08:00:00,Beauty,154.267364052858,58,Credit Card
TXN_2161,CUST_138,2026-04-24 16:00:00,Home & Kitchen,196.1982525562244,54,Cash
TXN_1214,CUST_283,2026-04-04 21:00:00,Clothing,132.11224383613862,65,Debit Card
TXN_1741,CUST_100,2026-04-18 00:00:00,Home & Kitchen,115.43670665176468,61,PayPal
TXN_1047,CUST_120,2026-02-25 14:00:00,Clothing,45.15229609900592,59,Cash
TXN_1378,UNKNOWN,2026-05-04 22:00:00,Electronics,213.30964365354015,43,PayPal
TXN_1923,CUST_160,2026-01-10 01:00:00,Clothing,132.11224383613862,21,PayPal
TXN_1499,CUST_115,2026-02-07 04:00:00,Beauty,101.14310041146652,69,PayPal
TXN_2034,CUST_130,2026-04-14 20:00:00,Electronics,176.2514033776003,19,Cash
TXN_1542,CUST_101,2026-01-28 04:00:00,Books,61.26133424231697,19,Not Specified
TXN_1419,CUST_119,2026-01-06 21:00:00,Electronics,82.0657459916828,25,Cash
TXN_1498,UNKNOWN,2026-02-18 16:00:00,Electronics,67.5449824430845,63,Cash
TXN_1892,UNKNOWN,2026-04-24 15:00:00,Clothing,132.11224383613862,47,Debit Card
TXN_2011,CUST_283,2026-01-23 20:00:00,Books,118.41645243834336,51,PayPal
TXN_1203,CUST_212,2026-05-25 05:00:00,Books,122.84528592263948,55,Cash
TXN_1760,CUST_189,2026-05-25 05:00:00,Clothing,85.69216595151413,67,Credit Card
TXN_1273,CUST_141,2026-03-29 14:00:00,Clothing,176.11958255397715,28,Credit Card
TXN_2164,CUST_233,2026-03-26 09:00:00,Clothing,60.76079149342732,32,Credit Card
TXN_1512,CUST_284,2026-05-02 04:00:00,Electronics,151.16836192735903,30,Debit Card
TXN_1911,CUST_254,2026-05-15 14:00:00,Home & Kitchen,115.43670665176468,53,Debit Card
TXN_1615,CUST_211,2026-01-23 09:00:00,Home & Kitchen,130.87396537746784,25,Debit Card
TXN_1750,CUST_115,2026-03-30 17:00:00,Electronics,143.27717841099545,42,Cash
TXN_1436,CUST_289,2026-05-06 08:00:00,Home & Kitchen,37.80771587791912,65,Cash
TXN_1906,UNKNOWN,2026-01-19 21:00:00,Electronics,32.3023740105148,44,Cash
TXN_1519,CUST_243,2026-05-06 19:00:00,Beauty,250.8638244908652,58,PayPal
TXN_1831,CUST_212,2026-03-17 05:00:00,Books,180.70595329308875,29,Debit Card
TXN_2123,CUST_110,2026-01-02 17:00:00,Clothing,243.2259183855909,44,Credit Card
TXN_1979,CUST_127,2026-04-12 00:00:00,Books,102.2489382966185,58,PayPal
TXN_1239,CUST_215,2026-03-14 12:00:00,Electronics,109.70724429183554,32,PayPal
TXN_1105,CUST_108,2026-06-04 07:00:00,Electronics,96.06545820580524,39,Cash
TXN_1896,CUST_250,2026-05-06 20:00:00,Beauty,124.95066823097082,44,Cash
TXN_1343,CUST_281,2026-04-01 02:00:00,Beauty,86.44521978731595,54,Cash
TXN_2100,CUST_262,2026-04-01 02:00:00,Books,207.01683409262927,27,Cash
TXN_1275,CUST_106,2026-04-09 18:00:00,Beauty,159.66440168220566,40,Credit Card
TXN_1059,CUST_183,2026-05-04 05:00:00,Electronics,211.54344548479517,49,PayPal
TXN_1883,CUST_244,2026-05-27 11:00:00,Books,122.72236690773448,18,Credit Card
TXN_1371,CUST_192,2026-05-30 15:00:00,Clothing,59.298779365170006,48,Debit Card
TXN_1136,CUST_230,2026-05-06 07:00:00,Clothing,250.80531156220155,60,PayPal
TXN_1623,CUST_288,2026-01-30 03:00:00,Home & Kitchen,62.91322640742593,23,Debit Card
TXN_1040,CUST_150,2026-01-30 03:00:00,Clothing,175.23781488972105,60,Debit Card
TXN_1477,CUST_191,2026-04-11 20:00:00,Clothing,61.74624792241475,32,Debit Card
TXN_1908,CUST_294,2026-02-16 06:00:00,Clothing,154.5305303710078,47,Debit Card
TXN_2029,CUST_194,2026-01-29 14:00:00,Books,17.94538720034147,21,Cash
TXN_2134,CUST_253,2026-04-29 05:00:00,Home & Kitchen,104.9438048981743,36,Debit Card
TXN_1732,CUST_246,2026-02-23 00:00:00,Beauty,52.28525588328171,23,Cash
TXN_1316,CUST_153,2026-01-16 00:00:00,Clothing,132.11224383613862,41,Debit Card
TXN_1936,CUST_254,2026-01-27 09:00:00,Electronics,162.74919189091065,55,Cash
TXN_1575,CUST_192,2026-05-18 09:00:00,Home & Kitchen,115.43670665176468,30,Cash
TXN_1973,CUST_117,2026-03-16 15:00:00,Home & Kitchen,115.19699666491483,19,Credit Card
TXN_1075,CUST_153,2026-03-02 19:00:00,Electronics,275.6156059421546,32,Credit Card
TXN_1599,CUST_251,2026-01-16 01:00:00,Beauty,103.60986689082262,34,PayPal
TXN_1863,CUST_149,2026-01-03 16:00:00,Beauty,132.96277905554166,65,Debit Card
